{
  "网站通用名称" : {
    "cn" : "EXCHANGE X-Everything Valueable Can Be Exchanged",
    "en" : "EXCHANGE X-Everything Valueable Can Be Exchanged"
  },
  "网站通用标题" : {
    "cn" : "EXCHANGE X-Everything Valueable Can Be Exchanged",
    "en" : "EXCHANGE X-Everything Valueable Can Be Exchanged"
  },
  "网站通用关键字" : {
    "cn" : "EXCHANGE X,Everything Valueable Can Be Exchanged",
    "en" : "EXCHANGE X,Everything Valueable Can Be Exchanged"
  },
  "网站通用描述" : {
    "cn" : "EXCHANGE X,Everything Valueable Can Be Exchanged",
    "en" : "EXCHANGE X,Everything Valueable Can Be Exchanged"
  },
  "网站通用LOGO" : {
    "cn" : "[$1]/images/common/chbtc_logo.png",
    "en" : "[$1]/images/common/chbtc_logo.png"
  },
  "网站底部LOGO" : {
    "cn" : "[$1]/images/common/chbtc_logo_foot.png",
    "en" : "[$1]/images/common/chbtc_logo_foot.png"
  },
  "网站ICP备案号" : {
    "cn" : "网站ICP备案号",
    "en" : " ICP License Number "
  },
  "国内" : {
    "cn" : "国内",
    "en" : "China"
  },
  "固话" : {
    "cn" : "固定电话",
    "en" : "Hotline "
  },
  "海外" : {
    "cn" : "海外",
    "en" : "Overseas"
  },
  "邮箱" : {
    "cn" : "邮箱",
    "en" : "E-mail"
  },
  "企业QQ" : {
    "cn" : "企业QQ ",
    "en" : "Online service"
  },
  "QQ交流群" : {
    "cn" : " QQ交流群",
    "en" : " QQ Group "
  },
  "QQ新手群" : {
    "cn" : " QQ新手群",
    "en" : " QQ Group "
  },
  "首页" : {
    "cn" : "首页",
    "en" : "Home"
  },
  "一键买卖" : {
    "cn" : "一键买卖",
    "en" : "Onekey Trading"
  },
  "专业交易" : {
    "cn" : "专业交易",
    "en" : "Spot Trade"
  },
  "K线交易" : {
    "cn" : " K线交易",
    "en" : " Market Chart"
  },
  "财务" : {
    "cn" : "财务",
    "en" : "Finance"
  },
  "登录" : {
    "cn" : "登录",
    "en" : "Sign In"
  },
  "注册" : {
    "cn" : "注册",
    "en" : "Sign Up"
  },
  "退出登录" : {
    "cn" : "退出登录",
    "en" : "Sign Out"
  },
  "账户资产" : {
    "cn" : "账户资产",
    "en" : "Account Asset"
  },
  "充值业务" : {
    "cn" : "充值业务",
    "en" : "Deposit"
  },
  "提现业务" : {
    "cn" : "提现业务",
    "en" : "Withdrawal"
  },
  "融资融币" : {
    "cn" : "融资融币",
    "en" : "Margin"
  },
  "手机认证" : {
    "cn" : " 手机认证 ",
    "en" : " Phone Authentication "
  },
  "邮箱认证" : {
    "cn" : "邮箱认证",
    "en" : "Email Authentication "
  },
  "初级实名认证" : {
    "cn" : "初级实名认证",
    "en" : "Basic Real-name Authentication "
  },
  "高级实名认证" : {
    "cn" : "高级实名认证",
    "en" : "Advanced Real-Name Authentication "
  },
  "Google认证" : {
    "cn" : "Google认证",
    "en" : "Google Authentication "
  },
  "综合账单" : {
    "cn" : "综合账单",
    "en" : "Multiple Bill "
  },
  "账户总资产" : {
    "cn" : "账户总资产",
    "en" : " Total Assets"
  },
  "账户净资产" : {
    "cn" : "账户净资产",
    "en" : "Net Assets"
  },
  "积分等级" : {
    "cn" : "积分等级",
    "en" : "Account Level"
  },
  "账户总积分" : {
    "cn" : "账户总积分",
    "en" : "Points"
  },
  "确定" : {
    "cn" : "确定",
    "en" : "OK"
  },
  "取消" : {
    "cn" : "取消",
    "en" : "Cancel"
  },
  "提交" : {
    "cn" : "提交",
    "en" : "Submit"
  },
  "关闭" : {
    "cn" : "关闭",
    "en" : "Close"
  },
  "请输入您的二级密码" : {
    "cn" : "请输入您的二级密码",
    "en" : "Please enter your transaction password."
  },
  "短信验证码" : {
    "cn" : "短信验证码",
    "en" : "SMS Verification Code"
  },
  "语音验证码" : {
    "cn" : "语音验证码",
    "en" : "Voice Verification Code"
  },
  "如果长时间没有进入" : {
    "cn" : "如果长时间没有进入，<a onclick='$('.bk-animationload').delay(300).fadeOut('slow');' role='button'>请点击这里</a>.",
    "en" : "If not sign in for a long time , please click <a onclick='$('.bk-animationload').delay(300).fadeOut('slow');' role='button>click here</a>."
  },
  "通用没有任何记录" : {
    "cn" : "<div class='bk-norecord'><p><i class='bk-ico info'></i>暂时没有相关记录。</p></div>",
    "en" : "<div class='bk-norecord'><p><i class='bk-ico info'></i>No record.</p></div>"
  },
  "关于" : {
    "cn" : "关于",
    "en" : "About"
  },
  "帮助" : {
    "cn" : "帮助",
    "en" : "Support"
  },
  "费率" : {
    "cn" : "费率",
    "en" : "Fees"
  },
  "安全" : {
    "cn" : "安全",
    "en" : "Security"
  },
  "登出" : {
    "cn" : "登出",
    "en" : "Sign Out"
  },
  "关注我们" : {
    "cn" : "关注我们",
    "en" : "Follow Us"
  },
  "关于我们" : {
    "cn" : "关于我们",
    "en" : "About Us"
  },
  "公告" : {
    "cn" : "公告",
    "en" : "Announcement"
  },
  "动态" : {
    "cn" : "动态",
    "en" : "News"
  },
  "联系方式" : {
    "cn" : "联系方式",
    "en" : "Contact Us"
  },
  "工单处理" : {
    "cn" : "工单处理",
    "en" : "Ticket"
  },
  "电话" : {
    "cn" : "电话",
    "en" : "Phone"
  },
  "地址" : {
    "cn" : "地址",
    "en" : "Address"
  },
  "项目" : {
    "cn" : "项目",
    "en" : "Project"
  },
  "专业的全球区块链数字货币交易平台" : {
    "cn" : "专业的全球区块链数字货币交易平台",
    "en" : "Professional Global Cryprocurrency Exchange"
  },
  "立即开始" : {
    "cn" : "即将开始",
    "en" : "Start"
  },
  "交易演示" : {
    "cn" : "交易演示",
    "en" : "Trading Demo"
  },
  "已经开始，立即领取" : {
    "cn" : "已经开始，立即领取 →",
    "en" : "Has begun, Get it →"
  },
  "模拟交易大赛立送等值美元" : {
    "cn" : "模拟交易大赛立送等值<span>十万美元</span>",
    "en" : "<span>$100,000</span> for Mock Trading Competition"
  },
  "模拟交易的资金为模拟体验金" : {
    "cn" : "模拟交易的资金为模拟体验金，输赢不计入真实资金，可以体验交易，体验百万富翁的感觉",
    "en" : "The funds for mock trading are simulated cash, participants can experience trading in EXX and experience being a millionaire. Win or lose funds in the mock trading will not credited in the real funds."
  },
  "每周模拟利润前1000名共送" : {
    "cn" : "每周模拟利润前1000名共送",
    "en" : "The simulated profits will be rewarded to the top 1000 winners every week"
  },
  "专业的全球区块链资产交易平台" : {
    "cn" : "专业的全球区块链资产<span>交易</span>平台",
    "en" : "Professional Global Cryprocurrency <span>Exchange</span>"
  },
  "原中国顶级交易平台“中币”团队技术支持" : {
    "cn" : "顶级投资商，一流团队技术支持，超过4年安全运营经验",
    "en" : "Top team technical support, who has over 4 years of safety running experience"
  },
  "赠送真实交易金" : {
    "cn" : "赠送真实交易金",
    "en" : " Present real trading funds"
  },
  "注册即送 1500 RMB赠金、可借贷、免交易手续" : {
    "cn" : "注册即送 1500 RMB赠金、可借贷、免交易手续费",
    "en" : "Sign up in EXX will get 1,500 CNY which can be used to borrow funds and pay transaction fees"
  },
  "安全有保障，资金全托管" : {
    "cn" : "安全有保障，资金全托管",
    "en" : "Safety Assurance and Funds Trusteeship"
  },
  "EXX团队与Bitbank团队深度合作" : {
    "cn" : "EXX团队与Bitbank团队深度合作，数字资产托管于Bitbank企业版，Bitbank提供7*24小时技术保障服务，确保你的数字资产安全。",
    "en" : "The EXX team is in deep cooperation with Bitbank team,the cryptocurrency are kept in Bitbank enterprise wallet and Bitbank provides 7*24 hours of technical support services to secure your account and funds."
  },
  "现在加入" : {
    "cn" : "现在加入",
    "en" : "Join"
  },
  "随时随地，不错过任何机会" : {
    "cn" : "随时随地，不错过任何机会",
    "en" : "Keeps you updated all the time, not miss any market quotations"
  },
  "实时交易：买入、卖出、杠杆" : {
    "cn" : "实时交易：买入、卖出、杠杆",
    "en" : "Real-time Trading: buy, sell and margin"
  },
  "随身充提：充值、提现" : {
    "cn" : "随身充提：充值、提现",
    "en" : "Allows you deposit and withdrawal whenever and wherever needed"
  },
  "实时提醒：行情提醒、事件提醒" : {
    "cn" : "实时提醒：行情提醒、事件提醒",
    "en" : "Real-time Alert: price alerts and event alerts"
  },
  "千分之一的交易费" : {
    "cn" : "千分之一的交易费",
    "en" : "0.1% transaction fees"
  },
  "数字货币提现仅收取区块链网络手续费" : {
    "cn" : "数字货币提现仅收取区块链网络手续费，交易在活动期间1‰手续费",
    "en" : "The cryptocurrency withdrawal only charges miner fee for blockchain network and transaction fees will be 0.1% during the activity."
  },
  "3倍杠杆" : {
    "cn" : "3倍杠杆",
    "en" : "Three times leverage"
  },
  "交易可快速使用借贷杠杆" : {
    "cn" : "交易可快速使用借贷杠杆，数字货币杠杆资金由 Bitbank 100% 配资提供，美金由专业基金提供；",
    "en" : "You can use margin to trade. The cryptocurrency margin funds is provided by Bitbank and dollar is provided by the professional fund"
  },
  "10子账号" : {
    "cn" : "10子账号",
    "en" : "10 sub-accounts"
  },
  "EXX不同于传统交易所繁琐的交易流程" : {
    "cn" : "EXX不同于传统交易所繁琐的交易流程，只需要你提供邮箱或手机号码，花费几分钟，即可使用",
    "en" : "EXX is different from the tedious transaction process of traditional exchanges. It only requires you to provide email or mobile phone number"
  },
  "24小时快速服务" : {
    "cn" : "24小时快速服务",
    "en" : "24 hour fast service"
  },
  "7*24小时客服服务，10分钟内相应工单请求，1小时内响应邮件回复；" : {
    "cn" : "7*24小时客服服务，10分钟内响应工单请求，1小时内响应邮件回复；",
    "en" : "7*24 hours online service, 10 minutes ticket respond, 1 hour email reply"
  },
  "专注基于区块链的数字货币全球交易" : {
    "cn" : "专注基于区块链的数字货币全球交易",
    "en" : "Focus on global cryptocurrency trading"
  },
  "EXX是一家立足于香港，业务范围覆盖全球的数字货币交易平台" : {
    "cn" : "EXX是一家立足于香港，业务范围覆盖全球的数字货币交易平台，团队成员从事区块链行业平均超过3年，EXX的安全体系采用多签及冷热隔离等技术。",
    "en" : "EXX is a global cryptocurrency exchange based in Hong Kong, whose team members have been worked on blockchain industry for an average of more than three years. EXX use multi-signature and offline cold storage. The security system comes from the professional services."
  },
  "推荐人" : {
    "cn" : "推荐人",
    "en" : "Referrals"
  },
  "选择头像" : {
    "cn" : "选择头像",
    "en" : "Select a photo"
  },
  "价格显示" : {
    "cn" : "价格显示",
    "en" : "Reference"
  },
  "账户资产折合" : {
    "cn" : "账户资产折合",
    "en" : "Account Asset "
  },
  "账户" : {
    "cn" : "账户",
    "en" : "Account"
  },
  "编辑" : {
    "cn" : "编辑",
    "en" : "Edit"
  },
  "切换" : {
    "cn" : "切换",
    "en" : "Change"
  },
  "净资产折合" : {
    "cn" : "净资产折合",
    "en" : "Net Asset"
  },
  "版权所有" : {
    "cn" : "版权所有",
    "en" : "All rights reserved"
  },
  "商业规划" : {
    "cn" : "商业规划",
    "en" : "Business Plan"
  },
  "技术白皮书" : {
    "cn" : "技术白皮书",
    "en" : "Technology White Paper"
  },
  "团队" : {
    "cn" : "团队",
    "en" : "Team"
  },
  "进度" : {
    "cn" : "进度",
    "en" : "Progress"
  },
  "登录异常" : {
    "cn" : "登录异常",
    "en" : "Abnormal login"
  },
  "系统检测到您本次登录IP为异地登录，需要验证手机。" : {
    "cn" : "系统检测到您本次登录IP为异地登录，需要验证手机。",
    "en" : "It is a new login IP that requires phone verification."
  },
  "短信/邮件验证码" : {
    "cn" : "短信/邮件验证码",
    "en" : "SMS/Email verification code"
  },
  "输入谷歌验证码" : {
    "cn" : "输入谷歌验证码",
    "en" : "Enter Google authentication code"
  },
  "立即验证" : {
    "cn" : "立即验证",
    "en" : "Verify"
  },
  "香港" : {
    "cn" : "香港",
    "en" : "Hong Kong"
  },
  "手机号码" : {
    "cn" : "手机号码",
    "en" : "Phone nubmer"
  },
  "手机验证码" : {
    "cn" : "手机验证码",
    "en" : "Phone verification code"
  },
  "" : {
    "cn" : "",
    "en" : ""
  },
  "" : {
    "cn" : "",
    "en" : ""
  },
  "" : {
    "cn" : "",
    "en" : ""
  },
  "" : {
    "cn" : "",
    "en" : ""
  },
  "" : {
    "cn" : "",
    "en" : ""
  },
  "" : {
    "cn" : "",
    "en" : ""
  },
  "" : {
    "cn" : "",
    "en" : ""
  },
  "" : {
    "cn" : "",
    "en" : ""
  },
  "" : {
    "cn" : "",
    "en" : ""
  },
  "" : {
    "cn" : "",
    "en" : ""
  },
  "" : {
    "cn" : "",
    "en" : ""
  },
  "" : {
    "cn" : "",
    "en" : ""
  },
  "" : {
    "cn" : "",
    "en" : ""
  },
  "" : {
    "cn" : "",
    "en" : ""
  },
  "" : {
    "cn" : "",
    "en" : ""
  },
  "" : {
    "cn" : "",
    "en" : ""
  }
}