{
  "手机号码有误！" : {
    "cn" : "手机号码有误！",
    "en" : "Wrong phone nubmer!"
  },
  "请输入您的手机号码" : {
    "cn" : "请输入您的手机号码",
    "en" : "Please input your phone number"
  },
  "请输入您的手机号码或者邮箱" : {
    "cn" : "请输入您的手机号码或者邮箱",
    "en" : "Please input your phone number or email address"
  },
  "请输入图形验证码，4位字符" : {
    "cn" : "请输入图形验证码，4位字符",
    "en" : "Please input graphics verification code,4 characters"
  },
  "密码输入有误，请重新输入。" : {
    "cn" : "密码输入有误，请重新输入。",
    "en" : "Wrong password,please try again."
  },
  "请输入您收到的验证码，六位数字！" : {
    "cn" : "请输入您收到的验证码，六位数字！",
    "en" : "Please input SMS verification code,6 digits!"
  },
  "两次输入的密码不一致，请重新输入。" : {
    "cn" : "两次输入的密码不一致，请重新输入。",
    "en" : "The two passwords differ, please try again."
  },
  "请输入手机或邮箱" : {
    "cn" : "请输入手机或邮箱",
    "en" : "Please enter your mobile phone number or email address"
  },
  "请输入正确的用户名" : {
    "cn" : "请输入正确的用户名",
    "en" : "Please enter correct username"
  },
  "请输入正确的图形验证码" : {
    "cn" : "请输入正确的图形验证码",
    "en" : "Please enter correct captcha"
  },
  "请输入正确的动态验证码" : {
    "cn" : "请输入正确的动态验证码",
    "en" : "Please enter correct dynamic verification code"
  },
  "密码设置成功，请重新登录。" : {
    "cn" : "密码设置成功，请重新登录。",
    "en" : "Setting password successfully, please sign in again"
  },
  "请输入手机、邮箱或用户名，最少6位。" : {
    "cn" : "请输入手机、邮箱或用户名，最少6位。",
    "en" : "Please enter mobile phone number, email address or username, at least 6 digits"
  },
  "密码8~20位字符，且为字母、数字、符号等任意2种以上组合" : {
    "cn" : "密码8~20位字符，且为字母、数字、符号等任意2种以上组合",
    "en" : "Password must be 8-20 characters contained letters, numbers and/or symbols"
  },
  "请输入账号" : {
    "cn" : "请输入账号",
    "en" : "Please enter account"
  },
  "请输入密码" : {
    "cn" : "请输入密码",
    "en" : "Please enter password"
  },
  "" : {
    "cn" : "",
    "en" : ""
  },
  "" : {
    "cn" : "",
    "en" : ""
  },
  "" : {
    "cn" : "",
    "en" : ""
  },
  "" : {
    "cn" : "",
    "en" : ""
  },
  "" : {
    "cn" : "",
    "en" : ""
  },
  "" : {
    "cn" : "",
    "en" : ""
  },
  "" : {
    "cn" : "",
    "en" : ""
  },
  "" : {
    "cn" : "",
    "en" : ""
  },
  "" : {
    "cn" : "",
    "en" : ""
  },
  "" : {
    "cn" : "",
    "en" : ""
  },
  "" : {
    "cn" : "",
    "en" : ""
  },
  "" : {
    "cn" : "",
    "en" : ""
  },
  "" : {
    "cn" : "",
    "en" : ""
  },
  "" : {
    "cn" : "",
    "en" : ""
  },
  "" : {
    "cn" : "",
    "en" : ""
  },
  "" : {
    "cn" : "",
    "en" : ""
  },
  "" : {
    "cn" : "",
    "en" : ""
  },
  "" : {
    "cn" : "",
    "en" : ""
  },
  "" : {
    "cn" : "",
    "en" : ""
  },
  "" : {
    "cn" : "",
    "en" : ""
  },
  "" : {
    "cn" : "",
    "en" : ""
  },
  "" : {
    "cn" : "",
    "en" : ""
  },
  "" : {
    "cn" : "",
    "en" : ""
  },
  "" : {
    "cn" : "",
    "en" : ""
  },
  "" : {
    "cn" : "",
    "en" : ""
  },
  "" : {
    "cn" : "",
    "en" : ""
  },
  "" : {
    "cn" : "",
    "en" : ""
  },
  "" : {
    "cn" : "",
    "en" : ""
  },
  "" : {
    "cn" : "",
    "en" : ""
  },
  "" : {
    "cn" : "",
    "en" : ""
  },
  "" : {
    "cn" : "",
    "en" : ""
  },
  "" : {
    "cn" : "",
    "en" : ""
  },
  "" : {
    "cn" : "",
    "en" : ""
  },
  "" : {
    "cn" : "",
    "en" : ""
  },
  "" : {
    "cn" : "",
    "en" : ""
  },
  "" : {
    "cn" : "",
    "en" : ""
  },
  "" : {
    "cn" : "",
    "en" : ""
  }

}