{
  "/" : {
    "cn" : "首页",
    "en" : "Home"
  },
  "/u/safe" : {
    "cn" : "安全中心",
    "en" : "Safe Center"
  },
  "/login" : {
    "cn" : "用户登录",
    "en" : "Welcome to Login"
  },
  "/user/register" : {
    "cn" : "用户注册",
    "en" : "Welcome to Register"
  },
  "/user/regSuccess" : {
    "cn" : "注册成功",
    "en" : "Register Successfully"
  },
  "/trade" : {
    "cn" : "交易中心",
    "en" : "Trade Center"
  },
  "/trade/entrust" : {
    "cn" : "委托记录",
    "en" : "Entrust"
  },
  "/u" : {
    "cn" : "账号中心",
    "en" : "Account"
  },
  "/u/" : {
    "cn" : "账号中心",
    "en" : "Account"
  },
  "/u/other/buy" : {
    "cn" : "认购",
    "en" : "Buy"
  },
  "/u/safe/setLoginPwd" : {
    "cn" : "登录密码设置",
    "en" : "Login Password Settings"
  },
  "/u/safe/resetSafePwd" : {
    "cn" : "找回二级密码",
    "en" : "Find Security Password"
  },
  "/u/safe/setSafePwd" : {
    "cn" : "修改二级密码",
    "en" : "Modify Security Password"
  },
  " /u/safe/setStrategy" : {
    "cn" : "安全设置",
    "en" : "Security Setting"
  },
  "/u/safe/setEmail" : {
    "cn" : "邮箱认证",
    "en" : "EMail Authentication"
  },
  "/u/safe/setMobile" : {
    "cn" : "修改手机",
    "en" : "Modify Phone"
  },
  "/u/safe/setGoogle" : {
    "cn" : "Google认证",
    "en" : "Google Authentication"
  },
  "/u/fund" : {
    "cn" : "资金",
    "en" : "Fund"
  },
  "/u/fund/loan" : {
    "cn" : "借贷管理",
    "en" : "Loan"
  },
  "/u/fund/payout" : {
    "cn" : "提现",
    "en" : "PayOut"
  },
  "/u/fund/payin" : {
    "cn" : "充值",
    "en" : "PayIn"
  },
  "/u/fund/transfer" : {
    "cn" : "内部划账",
    "en" : "Transfer"
  },
  "/u/recommend" : {
    "cn" : "推荐人",
    "en" : "Recommend"
  },
  "/register" : {
    "cn" : "用户注册",
    "en" : "Register"
  },
  "/findLoginPwd" : {
    "cn" : "找回登录密码",
    "en" : "Retrieve Login Password"
  },
  "/login" : {
    "cn" : "用户登陆",
    "en" : "Login"
  },
  "/api" : {
    "cn" : "API",
    "en" : "API"
  },
  "/rate" : {
    "cn" : "网站费率",
    "en" : "Rate"
  },
  "/safe" : {
    "cn" : "安全中心",
    "en" : "Safe"
  },
  "/app" : {
    "cn" : "App",
    "en" : "App"
  },
  "/about" : {
    "cn" : "关于我们",
    "en" : "About"
  },
  "/about/mob" : {
    "cn" : "关于我们",
    "en" : "About"
  },
  "/help" : {
    "cn" : "帮助中心",
    "en" : "Help"
  },
  "/help/list" : {
    "cn" : "帮助中心",
    "en" : "About"
  },
  "/help/display" : {
    "cn" : "帮助中心",
    "en" : "Help"
  },
  "/help/coin" : {
    "cn" : "币种资料",
    "en" : "MSCurrency"
  },
  "/activity" : {
    "cn" : "模拟交易大赛",
    "en" : "Mock Trading"
  },
  "/activity/tech" : {
    "cn" : "用户使用教程",
    "en" : "User tutorials"
  },
  "/u/welcome" : {
    "cn" : "资金转移",
    "en" : "Fund Transfer"
  }
}