{
  "登录失败" : {
    "cn" : "登录失败",
    "en" : "Logon fails."
  },
  "注册失败" : {
    "cn" : "注册失败",
    "en" : "Sign up fails."
  },
  "请拖动页面到最底下进行转让!" : {
    "cn" : "请拖动页面到最底下进行转让!",
    "en" : "Drag the page to the bottom to transfer!"
  },
  "系统检测到您没有进行手机认证或Google认证" : {
    "cn" : "系统检测到您没有进行手机认证或Google认证，暂时不能进行充值业务，为了您的账号安全，请进行手机认证或Google认证。",
    "en" : "Please verify your phone number or Google authentication before you deposit"
  },
  "钱包地址：" : {
    "cn" : "钱包地址：",
    "en" : "Wallet address"
  },
  "复制钱包地址" : {
    "cn" : "复制钱包地址",
    "en" : "Copy the wallet address"
  },
  "手动复制充值地址或扫码充值。" : {
    "cn" : "由于浏览器兼容性问题，可能会复制失败，请手动复制充值地址或扫码充值。",
    "en" : "Due to the browser compatibility, it may not fail to copy, please manually copy the deposit address or scan QR code to deposit if that matters"
  },
  "充值说明" : {
    "cn" : "充值说明",
    "en" : "Deposit Instructions"
  },
  "1、往该地址充值，汇款完成，等待网络自动确认（1个确认）后系统自动到账；') " : {
    "cn" : "1、往该地址充值，汇款完成，等待网络自动确认（1个确认）后系统自动到账；",
    "en" : "Deposit to this address, the funds will be automatically sent to the account after 1 confirmation by the blockchain"
  },
  "2、为了快速到账，充值时可以适当提高网络手续费。" : {
    "cn" : "2、为了快速到账，充值时可以适当提高网络手续费。",
    "en" : "Properly increase the miner fees can quicken up the transfer."
  },
  "提交时间" : {
    "cn" : "提交时间",
    "en" : "Submit Time"
  },
  "区块链转入" : {
    "cn" : "区块链转入",
    "en" : "Transfer through blockchain"
  },
  "内部转入" : {
    "cn" : "内部转入",
    "en" : "Internal transfer"
  },
  "处理时间" : {
    "cn" : "处理时间",
    "en" : "Processing time"
  },
  "确认次数" : {
    "cn" : "确认次数",
    "en" : "Confirmation"
  },
  "借贷管理" : {
    "cn" : "借贷管理",
    "en" : "Margin Management"
  },
  "推荐" : {
    "cn" : "推荐",
    "en" : "Recommend"
  },
  "充值操作" : {
    "cn" : "充值操作",
    "en" : "Deposit Operation"
  },
  "请长按上面地址进行复制" : {
    "cn" : "请长按上面地址进行复制",
    "en" : "Please copy the above address"
  },
  "往该地址充值，汇款完成，等待网络自动确认（1个确认）后系统自动到账；" : {
    "cn" : "往该地址充值，汇款完成，等待网络自动确认（1个确认）后系统自动到账；",
    "en" : "Deposit to this address, the funds will be automatically sent to the account after 1 confirmation by the blockchai"
  },
  "为了快速到账，充值时可以适当提高网络手续费。" : {
    "cn" : "为了快速到账，充值时可以适当提高网络手续费。",
    "en" : "Properly increase the miner fees can quicken up the transfer."
  },
  "复制钱包地址成功！" : {
    "cn" : "复制钱包地址成功！",
    "en" : "Copy the wallet address successfully!"
  },
  "" : {
    "cn" : "",
    "en" : ""
  },
  "" : {
    "cn" : "",
    "en" : ""
  },
  "" : {
    "cn" : "",
    "en" : ""
  },
  "" : {
    "cn" : "",
    "en" : ""
  },
  "" : {
    "cn" : "",
    "en" : ""
  },
  "" : {
    "cn" : "",
    "en" : ""
  },
  "" : {
    "cn" : "",
    "en" : ""
  },
  "" : {
    "cn" : "",
    "en" : ""
  },
  "" : {
    "cn" : "",
    "en" : ""
  },
  "" : {
    "cn" : "",
    "en" : ""
  },
  "" : {
    "cn" : "",
    "en" : ""
  },
  "" : {
    "cn" : "",
    "en" : ""
  },
  "" : {
    "cn" : "",
    "en" : ""
  },
  "" : {
    "cn" : "",
    "en" : ""
  },
  "" : {
    "cn" : "",
    "en" : ""
  },
  "" : {
    "cn" : "",
    "en" : ""
  },
  "" : {
    "cn" : "",
    "en" : ""
  },
  "" : {
    "cn" : "",
    "en" : ""
  },
  "" : {
    "cn" : "",
    "en" : ""
  },
  "" : {
    "cn" : "",
    "en" : ""
  },
  "" : {
    "cn" : "",
    "en" : ""
  },
  "" : {
    "cn" : "",
    "en" : ""
  },
  "" : {
    "cn" : "",
    "en" : ""
  },
  "" : {
    "cn" : "",
    "en" : ""
  },
  "" : {
    "cn" : "",
    "en" : ""
  },
  "" : {
    "cn" : "",
    "en" : ""
  },
  "" : {
    "cn" : "",
    "en" : ""
  },
  "" : {
    "cn" : "",
    "en" : ""
  },
  "" : {
    "cn" : "",
    "en" : ""
  },
  "" : {
    "cn" : "",
    "en" : ""
  },
  "" : {
    "cn" : "",
    "en" : ""
  },
  "" : {
    "cn" : "",
    "en" : ""
  },
  "" : {
    "cn" : "",
    "en" : ""
  },
  "" : {
    "cn" : "",
    "en" : ""
  },
  "" : {
    "cn" : "",
    "en" : ""
  },
  "" : {
    "cn" : "",
    "en" : ""
  },
  "" : {
    "cn" : "",
    "en" : ""
  },
  "" : {
    "cn" : "",
    "en" : ""
  },
  "" : {
    "cn" : "",
    "en" : ""
  },
  "" : {
    "cn" : "",
    "en" : ""
  },
  "" : {
    "cn" : "",
    "en" : ""
  },
  "" : {
    "cn" : "",
    "en" : ""
  },
  "" : {
    "cn" : "",
    "en" : ""
  },
  "" : {
    "cn" : "",
    "en" : ""
  },
  "" : {
    "cn" : "",
    "en" : ""
  },
  "" : {
    "cn" : "",
    "en" : ""
  },
  "" : {
    "cn" : "",
    "en" : ""
  },
  "" : {
    "cn" : "",
    "en" : ""
  },
  "" : {
    "cn" : "",
    "en" : ""
  },
  "" : {
    "cn" : "",
    "en" : ""
  },
  "" : {
    "cn" : "",
    "en" : ""
  },
  "" : {
    "cn" : "",
    "en" : ""
  },
  "" : {
    "cn" : "",
    "en" : ""
  },
  "" : {
    "cn" : "",
    "en" : ""
  }

}