{
  "请正确输入购买金额。" : {
    "cn" : "请正确输入购买金额。",
    "en" : "please input correct amount."
  },
  "购买金额必须是1的整数倍" : {
    "cn" : "购买金额必须是1的整数倍",
    "en" : "Purchase amount must be integers"
  },
  "请正确输入二级密码。" : {
    "cn" : "请正确输入二级密码。",
    "en" : "Please input the correct transaction password."
  },
  "请正确输入购买金额，最少" : {
    "cn" : "请正确输入购买金额，最少",
    "en" : "Purchase amount should be greater than"
  },
  "请正确输入购买金额，最高可购买" : {
    "cn" : "请正确输入购买金额，最高可购买",
    "en" : "Purchase amount should be lower than"
  },
  "确定要还款吗？" : {
    "cn" : "确定要还款吗？",
    "en" : "Sure to repay?"
  },
  "请选择需要还款的记录!" : {
    "cn" : "请选择需要还款的记录!",
    "en" : "Please choose the records that need to repay!"
  },
  "您要确定为所选的记录还款吗？" : {
    "cn" : "您要确定为所选的记录还款吗？",
    "en" : "Sure to repay for the records you choosed?"
  },
  "选择提币地址" : {
    "cn" : "选择提币地址",
    "en" : " Select the receiving address "
  },
  "添加新地址" : {
    "cn" : "添加新地址",
    "en" : "Add new address"
  },
  "选择" : {
    "cn" : "选择",
    "en" : "Select"
  },
  "备注" : {
    "cn" : "备注",
    "en" : " Remark "
  },
  "地址" : {
    "cn" : "地址",
    "en" : "Address"
  },
  "稍微长备注" : {
    "cn" : "稍微长备注",
    "en" : "Long remark "
  },
  "这是一个非常长的备注" : {
    "cn" : "这是一个非常长的备注",
    "en" : " This is a very long remark"
  },
  "填写提币信息" : {
    "cn" : "填写提币信息",
    "en" : "Enter withdrawal information"
  },
  "提币数量" : {
    "cn" : "提币数量",
    "en" : " Withdrawal amount"
  },
  "安全密码" : {
    "cn" : "安全密码",
    "en" : " Transaction password "
  },
  "提现费率规则" : {
    "cn" : "提现费率规则",
    "en" : " withdrawal fees"
  },
  "X网络收取矿工费XX/笔，由平台代扣；" : {
    "cn" : "[$1]网络收取矿工费[$2][$3]/笔，由平台代扣；",
    "en" : "[$1] blockchain charge miner fee of [$2][$3] per withdrawal which is withhold by EXX "
  },
  "网络收取矿工费" : {
    "cn" : "网络收取矿工费",
    "en" : "blockchain charge miner fee of"
  },
  "/笔，由平台代扣" : {
    "cn" : "/笔，由平台代扣",
    "en" : "per withdrawal which is withhold by EXX "
  },
  "X充值经过网络的X个确认后，才允许提现；" : {
    "cn" : "[$1]充值经过网络的[2]个确认后，才允许提现；",
    "en" : "It can withdrawal after the [$1] deposit through X confirmation by the blockchain."
  },
  "充值经过网络的" : {
    "cn" : "充值经过网络的",
    "en" : "It can withdrawal after the"
  },
  "个确认后，才允许提现" : {
    "cn" : "个确认后，才允许提现；",
    "en" : "deposit through X confirmation by the blockchain."
  },
  "可以为同时设置多个提币地址，这样提款到不同的钱包或其它平台时就会更方便" : {
    "cn" : "可以为同时设置多个提币地址，这样提款到不同的钱包或其它平台时就会更方便",
    "en" : " You can set a number of withdrawal addresses at the same time to conveniently withdrawal your funds to different wallet or other platform "
  },
  "提币地址" : {
    "cn" : "提币地址",
    "en" : "Withdrawal address"
  },
  "地址备注" : {
    "cn" : "地址备注",
    "en" : "Address remark"
  },
  "备注/地址" : {
    "cn" : "备注/地址",
    "en" : "Remark/Address"
  },
  "接收地址" : {
    "cn" : "接收地址",
    "en" : "Receiving Address"
  },
  "实到金额" : {
    "cn" : "实到金额",
    "en" : " Receiving Amount"
  },
  "最大可提" : {
    "cn" : "最大可提",
    "en" : " Maximum withdrawal "
  },
  "编辑提币地址" : {
    "cn" : "编辑提币地址",
    "en" : "Edit withdrawal address"
  },
  "删除提币地址" : {
    "cn" : "删除提币地址",
    "en" : "Delete withdrawal address "
  },
  "添加提币地址" : {
    "cn" : "添加提币地址",
    "en" : "Add withdrawal address"
  },
  "借币信息" : {
    "cn" : "借币信息",
    "en" : "Borrow information"
  },
  "借币金额" : {
    "cn" : "借币金额",
    "en" : " Borrow Amount "
  },
  "最多可借" : {
    "cn" : "最多可借",
    "en" : "Maximum Borrow"
  },
  "融资融币记录" : {
    "cn" : "融资融币记录",
    "en" : "Margin Records"
  },
  "归还借款" : {
    "cn" : "归还借款",
    "en" : "Repay "
  },
  "借入总额" : {
    "cn" : "借入总额",
    "en" : " Total borrowing amount "
  },
  "未还利息" : {
    "cn" : "未还利息",
    "en" : " Outstanding interest"
  },
  "应还总额" : {
    "cn" : "应还总额",
    "en" : "Total owed amount"
  },
  "我的余额" : {
    "cn" : "我的余额",
    "en" : "My balance"
  },
  "还款方式" : {
    "cn" : "还款方式",
    "en" : "Repayment method"
  },
  "还款金额" : {
    "cn" : "还款金额",
    "en" : "Repayment amount"
  },
  "杠杆交易风险提示:" : {
    "cn" : "杠杆交易风险提示:",
    "en" : "Margin trading risk prompt"
  },
  "杠杆交易存在很大风险" : {
    "cn" : "1、杠杆交易存在很大风险,对服务器网关瓶颈,网站访问不稳定等各种因素造成杠杆交易被平仓的风险,本公司不负任何责任。",
    "en" : "Margin trading has great risk, EXX will not be responsible for the server gateway bottlenecks, unstable site access and other risks cause the liquidation of your margin trading."
  },
  "系统将按照网站实时委托对您的资产进行强制平仓" : {
    "cn" : "2、当您的总资产不足申请额度的110%时,系统将按照网站实时委托对您的资产进行强制平仓买入或卖出以归还申请额度。如果价格波动剧烈,系统无法平仓,导致平台亏损,我们有权向用户追回损失",
    "en" : "When your total assets are less than 110% of the borrowed amount, the system will liquidate your account in a real time entrustment of EXX to buy or sell your funds to repay your borrowed funds. If the price fluctuate fiercely, the system cannot liquidate your account and cause losses of EXX, we have the right to claim for our losses."
  },
  "目前申请最大额度不能超过个人净资产的2倍" : {
    "cn" : "3、目前申请最大额度不能超过个人净资产的2倍,也不能超过系统设置的最大金额。",
    "en" : "The maximum borrowed amount cannot exceed 2 times of your account net asset at present and it also cannot exceed the setting maximum amount of the system."
  },
  "已借入" : {
    "cn" : "已借入",
    "en" : "Borrowed"
  },
  "可借入" : {
    "cn" : "可借入",
    "en" : "Can borrow"
  },
  "我要借币" : {
    "cn" : "我要借币",
    "en" : "I want to borrow"
  },
  "借款时间" : {
    "cn" : "借款时间",
    "en" : "Borrow time"
  },
  "已借/已还" : {
    "cn" : "已借/已还",
    "en" : "Borrowed/Repaid"
  },
  "类型利率" : {
    "cn" : "类型利率",
    "en" : "Type Rate"
  },
  "已还利息/抵扣利息" : {
    "cn" : "已还利息/抵扣利息",
    "en" : " Repaid/Deducted Interest"
  },
  "应还总额/应还利息" : {
    "cn" : "应还总额/应还利息",
    "en" : "Total Owed Amount/Interest"
  },
  "还款中" : {
    "cn" : "还款中",
    "en" : " In the payment "
  },
  "还款" : {
    "cn" : "还款",
    "en" : "Repayment"
  },
  "暂无可用抵扣券" : {
    "cn" : "暂无可用抵扣券",
    "en" : " No available voucher"
  },
  "借币成功" : {
    "cn" : "借币成功",
    "en" : " Borrow successfully "
  },
  "投资人" : {
    "cn" : "投资人",
    "en" : "Investor"
  },
  "可投资资产总额" : {
    "cn" : "可投资资产总额",
    "en" : " Total available investment assets "
  },
  "投资总额" : {
    "cn" : "投资总额",
    "en" : "Total investment assets"
  },
  "每日费率" : {
    "cn" : "每日费率",
    "en" : " Daily Rate "
  },
  "费率类型" : {
    "cn" : "费率类型",
    "en" : " Rate Type "
  },
  "固定" : {
    "cn" : "固定",
    "en" : "Fixed"
  },
  "平仓风险控制" : {
    "cn" : "平仓风险控制",
    "en" : " Liquidate positions risk control"
  },
  "自担风险(40%服务费)" : {
    "cn" : "自担风险(40%服务费)",
    "en" : " At Your Own Risk (40% service charge)"
  },
  "只要本金币种(50%服务费)" : {
    "cn" : "只要本金币种(50%服务费)",
    "en" : " Principal Guaranteed (50% service charge)"
  },
  "我已阅读并同意融资融币交易风险申明" : {
    "cn" : "我已阅读并同意<a href='#'>《融资融币交易风险申明》",
    "en" : " I have read and agree to the Margin Risk Statement "
  },
  "投资记录" : {
    "cn" : "投资记录",
    "en" : "Investment Records"
  },
  "我发起的投资" : {
    "cn" : "我发起的投资",
    "en" : "My Investment"
  },
  "已成功的投资" : {
    "cn" : "已成功的投资",
    "en" : " Successful Investment"
  },
  "日收益" : {
    "cn" : "日收益",
    "en" : " Daily Earnings "
  },
  "30天平均值：" : {
    "cn" : "30天平均值：",
    "en" : "Average value for 30 days "
  },
  "本月汇总：" : {
    "cn" : "本月汇总：",
    "en" : "This Month Summary "
  },
  "上月汇总：" : {
    "cn" : "上月汇总：",
    "en" : "Last Month Summary "
  },
  "投资状态" : {
    "cn" : "投资状态",
    "en" : "Investment Status "
  },
  "投资中" : {
    "cn" : "投资中",
    "en" : "In Investment"
  },
  "未投资" : {
    "cn" : "未投资",
    "en" : "Unspent Investment "
  },
  "借出用户" : {
    "cn" : "借出用户",
    "en" : "Lender "
  },
  "人" : {
    "cn" : "人",
    "en" : "Person"
  },
  "次" : {
    "cn" : "次",
    "en" : "Times"
  },
  "投资金额" : {
    "cn" : "投资金额",
    "en" : "Investment Amount"
  },
  "借出次数" : {
    "cn" : "借出次数",
    "en" : "Borrowing Times "
  },
  "累计收益" : {
    "cn" : "累计收益",
    "en" : "Accumulated Earnings "
  },
  "我要投资" : {
    "cn" : "我要投资",
    "en" : "I want to invest "
  },
  "类型" : {
    "cn" : "类型",
    "en" : "Type"
  },
  "利率" : {
    "cn" : "利率",
    "en" : "Interest Rates "
  },
  "利率形式" : {
    "cn" : "利率形式",
    "en" : "Interest Rates Form "
  },
  "风险控制" : {
    "cn" : "风险控制",
    "en" : "Risk Control"
  },
  "投资/已还" : {
    "cn" : "投资/已还",
    "en" : "Investment/Repaid"
  },
  "收益" : {
    "cn" : "收益",
    "en" : "Earnings"
  },
  "日收入" : {
    "cn" : "日收入",
    "en" : "Daily Earing"
  },
  "请输入投资总额" : {
    "cn" : "请输入投资总额",
    "en" : "Please enter total investment amount "
  },
  "请输入二级密码" : {
    "cn" : "请输入二级密码",
    "en" : " Please enter secondary password "
  },
  "需要同意 《融资融币交易风险申明》" : {
    "cn" : "需要同意 《融资融币交易风险申明》",
    "en" : " Need to agree on the Margin Risk Statement "
  },
  "24小时提现额度限制：" : {
    "cn" : "24小时提现额度限制：",
    "en" : "24 hours withdrawal amount limit "
  },
  "无" : {
    "cn" : "无",
    "en" : "None"
  },
  "新地址提现冻结时间：" : {
    "cn" : "新地址提现冻结时间：",
    "en" : "The freeze time of new withdrawal address"
  },
  "小时" : {
    "cn" : "小时",
    "en" : "Hour"
  },
  "子账户可以支持一个交易对的杠杆交易" : {
    "cn" : "子账户可以支持一个交易对的杠杆交易，或者多个不同普通交易对的交易，子账户可以独立登录，或者被主账户快速切换用于交易",
    "en" : " A sub-account can support transaction of one margin trading pair or many different spot trading pairs. Sub-account can login alone or be quickly switched to trading by the primary account."
  },
  "左移" : {
    "cn" : "左移",
    "en" : "Left Shift"
  },
  "右移" : {
    "cn" : "右移",
    "en" : "Right Shift"
  },
  "提现手机验证设置" : {
    "cn" : "提现手机验证设置",
    "en" : "Mobile phone verification setting for withdrawal"
  },
  "提现手机验证状态" : {
    "cn" : "提现手机验证状态",
    "en" : "Status of mobile phone verification for withdrawal"
  },
  "重复二级密码" : {
    "cn" : "重复二级密码",
    "en" : "Re-enter secondary password"
  },
  "提币操作" : {
    "cn" : "提币操作",
    "en" : "Withdraw "
  },
  "是否虚拟账户" : {
    "cn" : "是否虚拟账户",
    "en" : "Is it a virtual account?"
  },
  "提币Google验证" : {
    "cn" : "提币Google验证",
    "en" : "Google authentication for withdrawal"
  },
  "重要提示" : {
    "cn" : "重要提示",
    "en" : "Important note"
  },
  "您还没开启Google认证，请先开启Google认证" : {
    "cn" : "您还没开启Google认证，请先开启<a target='_blank' style='color:#3366CC' href='/manage/auth/google'>Google认证",
    "en" : "Please enable Google authentication, <a target='_blank' style='color:#3366CC 'href ='/manage/auth/Google '> Google authentication"
  },
  "提币手机验证" : {
    "cn" : "提币手机验证",
    "en" : "Mobile phone verification for withdrawal"
  },
  "更改安全设置需要身份验证后才能继续，请输入以下验证码" : {
    "cn" : "更改安全设置需要身份验证后才能继续，请输入以下验证码",
    "en" : "Modify security settings required authentication, please enter the following verification code"
  },
  "关闭提现短信验证" : {
    "cn" : "关闭提现短信验证",
    "en" : "Close verification SMS for withdrawal"
  },
  "找回二级密码" : {
    "cn" : "找回二级密码",
    "en" : "Retrieve secondary password"
  },
  "" : {
    "cn" : "",
    "en" : ""
  },
  "" : {
    "cn" : "",
    "en" : ""
  },
  "" : {
    "cn" : "",
    "en" : ""
  },
  "" : {
    "cn" : "",
    "en" : ""
  },
  "" : {
    "cn" : "",
    "en" : ""
  },
  "" : {
    "cn" : "",
    "en" : ""
  },
  "" : {
    "cn" : "",
    "en" : ""
  },
  "" : {
    "cn" : "",
    "en" : ""
  },
  "" : {
    "cn" : "",
    "en" : ""
  },
  "" : {
    "cn" : "",
    "en" : ""
  },
  "" : {
    "cn" : "",
    "en" : ""
  },
  "" : {
    "cn" : "",
    "en" : ""
  },
  "" : {
    "cn" : "",
    "en" : ""
  },
  "" : {
    "cn" : "",
    "en" : ""
  },
  "" : {
    "cn" : "",
    "en" : ""
  },
  "" : {
    "cn" : "",
    "en" : ""
  },
  "" : {
    "cn" : "",
    "en" : ""
  },
  "" : {
    "cn" : "",
    "en" : ""
  }

}