{
  "号码归属地" : {
    "cn" : "号码归属地",
    "en" : "Phone Number Attribution"
  },
  "国家/地区" : {
    "cn" : "国家/地区",
    "en" : "Country/Region"
  },
  "建议由6-16位字母、数字和特殊符号组成，不能是纯数字或字母" : {
    "cn" : "建议由6-16位字母、数字和特殊符号组成，不能是纯数字或字母",
    "en" : "Suggest password is made up of 6-16 letters,numbers and special symbols,can not be pure numbers or letters"
  },
  "早上好" : {
    "cn" : "早上好",
    "en" : "Good morning"
  },
  "上午好" : {
    "cn" : "上午好",
    "en" : "Good morning"
  },
  "中午好" : {
    "cn" : "中午好",
    "en" : "Good afternoon"
  },
  "下午好" : {
    "cn" : "下午好",
    "en" : "Good afternoon"
  },
  "晚上好" : {
    "cn" : "晚上好",
    "en" : "Good evening"
  },
  "交易" : {
    "cn" : "交易",
    "en" : "Exchanged"
  },
  "总资产" : {
    "cn" : "总资产",
    "en" : "Total assets"
  },
  "净资产" : {
    "cn" : "净资产",
    "en" : "Net assets"
  },
  "美元" : {
    "cn" : "美元",
    "en" : "USD"
  },
  "人民币" : {
    "cn" : "人民币",
    "en" : "CNY"
  },
  "比特币" : {
    "cn" : "比特币",
    "en" : "Bitcoin"
  },
  "莱特币" : {
    "cn" : "莱特币",
    "en" : "Litecoin"
  },
  "以太坊" : {
    "cn" : "以太坊",
    "en" : "Ethereum"
  },
  "充值" : {
    "cn" : "充值",
    "en" : "Deposit"
  },
  "提现" : {
    "cn" : "提现",
    "en" : "Withdrawal"
  },
  "提币" : {
    "cn" : "提币",
    "en" : "Withdrawal"
  },
  "明细" : {
    "cn" : "明细",
    "en" : "Details"
  },
  "账号" : {
    "cn" : "账号",
    "en" : "Account"
  },
  "K线图" : {
    "cn" : "K线图",
    "en" : "Candlestick chart"
  },
  "深度" : {
    "cn" : "深度",
    "en" : "Depth"
  },
  "购买价格" : {
    "cn" : "购买价格",
    "en" : "Purchase price"
  },
  "卖出价格" : {
    "cn" : "卖出价格",
    "en" : "Selling price"
  },
  "当前价格" : {
    "cn" : "当前价格",
    "en" : "Current price"
  },
  "购买数量" : {
    "cn" : "购买数量",
    "en" : "Purchase quantity"
  },
  "卖出数量" : {
    "cn" : "卖出数量",
    "en" : "Selling quantity"
  },
  "交易金额" : {
    "cn" : "交易金额",
    "en" : "Trading volume"
  },
  "立即购买" : {
    "cn" : "立即购买",
    "en" : "Buy"
  },
  "立即卖出" : {
    "cn" : "立即卖出",
    "en" : "Sell"
  },
  "最近委托" : {
    "cn" : "最近委托",
    "en" : "Recent orders"
  },
  "历史委托" : {
    "cn" : "历史委托",
    "en" : "Orders history"
  },
  "时间/序列号" : {
    "cn" : "时间/序列号",
    "en" : "Time/No."
  },
  "委托量/价格" : {
    "cn" : "委托量/价格",
    "en" : "Number of entrusted/Price"
  },
  "成交量/均价" : {
    "cn" : "成交量/均价",
    "en" : "Number of transactions / Average price"
  },
  "成交额" : {
    "cn" : "成交额",
    "en" : "Turnover"
  },
  "状态/操作" : {
    "cn" : "状态/操作",
    "en" : "Status / operation"
  },
  "档位" : {
    "cn" : "档位",
    "en" : "Grade"
  },
  "价格" : {
    "cn" : "价格",
    "en" : "Price"
  },
  "数量" : {
    "cn" : "数量",
    "en" : "Amount"
  },
  "成交时间" : {
    "cn" : "成交时间",
    "en" : "Time"
  },
  "买" : {
    "cn" : "买",
    "en" : "Buy"
  },
  "卖" : {
    "cn" : "卖",
    "en" : "Sell"
  },
  "请输入价格和数量" : {
    "cn" : "请输入价格和数量",
    "en" : "Please enter the price and quantity"
  },
  "已取消" : {
    "cn" : "已取消",
    "en" : "Cancelled"
  },
  "已成交" : {
    "cn" : "已成交",
    "en" : "Done"
  },
  "部分成交" : {
    "cn" : "部分成交",
    "en" : "Partial finished"
  },
  "K线价格显示单位设置" : {
    "cn" : "K线价格显示单位设置",
    "en" : "Kline price unit set"
  },
  "时间" : {
    "cn" : "时间",
    "en" : "Time"
  },
  "类别" : {
    "cn" : "类别",
    "en" : "Type"
  },
  "发生金额" : {
    "cn" : "发生金额",
    "en" : "Amount"
  },
  "流水号" : {
    "cn" : "流水号",
    "en" : "Serial Number"
  },
  "所有记录" : {
    "cn" : "所有记录",
    "en" : "All Records"
  },
  "充值记录" : {
    "cn" : "充值记录",
    "en" : "Deposit Records"
  },
  "提币记录" : {
    "cn" : "提币记录",
    "en" : "Withdrawals Records"
  },
  "交易记录" : {
    "cn" : "交易记录",
    "en" : "Transaction Records"
  },
  "兑换记录" : {
    "cn" : "兑换记录",
    "en" : "Exchange Records"
  },
  "其他" : {
    "cn" : "其他",
    "en" : "Others"
  },
  "红涨绿跌" : {
    "cn" : "红涨绿跌",
    "en" : " Red rise green fall "
  },
  "绿涨红跌" : {
    "cn" : "绿涨红跌",
    "en" : "Green rise red fall"
  },
  "约等于" : {
    "cn" : "约等于",
    "en" : " Approximately equal to "
  },
  "可用金额" : {
    "cn" : "可用金额",
    "en" : " Available amount "
  },
  "折合" : {
    "cn" : "折合",
    "en" : " Worth  "
  },
  "默认" : {
    "cn" : "默认",
    "en" : " Default "
  },
  "成交额/费用" : {
    "cn" : "成交额/费用",
    "en" : " Turnover/Fees"
  },
  "交易中" : {
    "cn" : "交易中",
    "en" : "In trading"
  },
  "买单" : {
    "cn" : "买单",
    "en" : "Buy Orders"
  },
  "卖单" : {
    "cn" : "卖单",
    "en" : "Sell Orders"
  },
  "最新价" : {
    "cn" : "最新价",
    "en" : " Last price "
  },
  "提交委托成功" : {
    "cn" : "提交委托成功",
    "en" : "Place order successfully "
  },
  "取消委托成功" : {
    "cn" : "取消委托成功",
    "en" : " Cancel order successfully "
  },
  "折价" : {
    "cn" : "折价",
    "en" : "Discount"
  },
  "请注册或登录后再进行交易" : {
    "cn" : "请<a href='/register'>注册</a>或<a href='/login'>登录</a>后再进行交易",
    "en" : " Please sign up or sign in to trade "
  },
  "暂无记录" : {
    "cn" : "暂无记录",
    "en" : " No records "
  },
  "添加市场" : {
    "cn" : "添加市场",
    "en" : "Add market"
  },
  "将下列交易对添加到此账户" : {
    "cn" : "将下列交易对添加到此账户",
    "en" : " Add the following trading pairs to this account "
  },
  "交易区" : {
    "cn" : "交易区",
    "en" : " Trading area "
  },
  "卖方币" : {
    "cn" : "卖方币",
    "en" : " Seller's currency "
  },
  "24小时交易额" : {
    "cn" : "24小时交易额",
    "en" : "24 hours trading volume "
  },
  "操作" : {
    "cn" : "操作",
    "en" : "Operation"
  },
  "删除" : {
    "cn" : "删除",
    "en" : "Delete"
  },
  "添加" : {
    "cn" : "添加",
    "en" : "Add"
  },
  "委托记录" : {
    "cn" : "委托记录",
    "en" : "Entrustment records  "
  },
  "正在进行的委托" : {
    "cn" : "正在进行的委托",
    "en" : "Current entrustment "
  },

  "服务标准说明" : {
    "cn" : "服务标准说明",
    "en" : "Description of service standard"
  },
  "比特全球交易平台的交易手续费为0.1%" : {
    "cn" : "1、比特全球交易平台的交易手续费为0.1%，因此，当您的委单成交后，您将会自动支付0.1%的成交额作为手续费。比如：您购买了100个BTC，成交后，您的帐号实际上会进账99.9个BTC",
    "en" : "The transaction fee is 0.1%. Therefore, when your transaction is finished, it will automatically pay 0.1% of the transaction amount as service fee. For example, if you buy 100 BTC, your account will actually get 99.9 BTC. "
  },
  "由于计算精度问题，我们最多为您保留8位小数" : {
    "cn" : "2、由于计算精度问题，我们最多为您保留8位小数，如果您在交易时的计算结果的小数位数大于8位，我们将采用四舍五入的方法最终保留8位小数（实际上，8位小数以后的金额已经没有什么价值了）",
    "en" : "Due to calculation accuracy, we will reserve 8 decimal places at most, if the trading amount is more than eight decimal digits, we will adopt the method of round to eight decimal places."
  },
  "非法输入" : {
    "cn" : "非法输入",
    "en" : "Unvalidated Input"
  },
  "输入格式有误" : {
    "cn" : "输入格式有误",
    "en" : "Invalid Input"
  },
  "请先登录" : {
    "cn" : "请先登录",
    "en" : "Please sign in first"
  },
  "禁止提交" : {
    "cn" : "禁止提交",
    "en" : "Prohibit submit"
  },
  "输入错误" : {
    "cn" : "输入错误",
    "en" : "Wrong Input"
  },
  "请输入交易金额和数量" : {
    "cn" : "请输入交易金额和数量",
    "en" : "Please enter trading price and amount"
  },
  "没有足够的资金" : {
    "cn" : "没有足够的资金",
    "en" : "There is not eenough funds"
  },
  "没有足够的X，你可以先充值划账到此账户" : {
    "cn" : "没有足够的<b>[$1]</b>，你可以先&nbsp;<a href=''>充值</a>&nbsp;或&nbsp;<a href=''>划账</a>&nbsp;到此账户",
    "en" : "There is not enough <b>[$1]</b >, you can &; <a href= '>deposit</a>& NBSP; Or & have spent <a href= '> trasnfer </a>& NBSP; to this account"
  },
  "没有足够的" : {
    "cn" : "没有足够的",
    "en" : "There is not enough "
  },
  "你可以先充值或划账到此账户" : {
    "cn" : "你可以先充值或划账到此账户",
    "en" : "you can deposit Or have spent trasnfer to this account"
  },
  "或" : {
    "cn" : "或",
    "en" : "or"
  },
  "自选" : {
    "cn" : "自选",
    "en" : "Custom"
  },
  "价格显示" : {
    "cn" : "价格显示",
    "en" : "Refer currency"
  },
  "总资产折合为辅助货币" : {
    "cn" : "总资产折合为辅助货币",
    "en" : "The total assets are converted into reference currency"
  },
  "管理账户" : {
    "cn" : "管理账户",
    "en" : "Manage your account "
  },
  "最近6小时行情走势" : {
    "cn" : "最近6小时行情走势",
    "en" : "The last 6 hours market trends"
  },
  "当前可用" : {
    "cn" : "当前可用",
    "en" : "Current available funds"
  },
  "用指定比例或数量的可用资金以买一价X卖出X" : {
    "cn" : "用指定比例或数量的可用资金以买一价[$1]卖出[$2]",
    "en" : "Use a specified proportion or amount of available funds to buy at a price [$1] for Sell [$2]"
  },
  "用指定比例或数量的可用资金以卖一价X买入X" : {
    "cn" : "用指定比例或数量的可用资金以卖一价[$1]买入[$2]",
    "en" : "Use a specified proportion or amount of available funds to sell at a price [$1] for buy [$2]"
  },
  "手动编辑委托信息" : {
    "cn" : "手动编辑委托信息",
    "en" : "Manually edit the entrustment information"
  },
  "账单" : {
    "cn" : "账单",
    "en" : "Bills"
  },
  "计算器" : {
    "cn" : "计算器",
    "en" : "Calculator"
  },
  "快速委托的比例或数量" : {
    "cn" : "快速委托的比例或数量",
    "en" : "The proportion or amount of a quick entrustment"
  },
  "用X可用资金以卖一价X买入X" : {
    "cn" : "用[$1]可用资金以卖一价[$2]买入[$3]",
    "en" : " Use [$1] available funds to sell [$2] at a price to buy [$3]"
  },
  "用X可用资金以买一价X卖出X" : {
    "cn" : "用[$1]可用资金以买一价[$2]卖出[$3]",
    "en" : "Use [$1] to buy a price [$2] to sell [$3]"
  },
  "以输入的价格和数量买入" : {
    "cn" : "以输入的价格和数量买入",
    "en" : "Buy at the entered price and amount"
  },
  "以输入的价格和数量卖出" : {
    "cn" : "以输入的价格和数量卖出",
    "en" : "Sell at the input price and amount"
  },
  "买入" : {
    "cn" : "买入",
    "en" : "Buy"
  },
  "卖出" : {
    "cn" : "卖出",
    "en" : "Sell"
  },
  "修改用户市场信息成功" : {
    "cn" : "修改用户市场信息成功",
    "en" : "Modify market information successfully"
  },
  "订单提交错误" : {
    "cn" : "订单提交错误",
    "en" : "Submitting order error"
  },
  "您有未完成的订单请求，请稍候再提交。" : {
    "cn" : "您有未完成的订单请求，请稍候再提交。",
    "en" : "You have an unfinished order request, please submit later"
  },
  "请输入" : {
    "cn" : "请输入",
    "en" : "Please enter"
  },
  "请先登录再进行交易" : {
    "cn" : "请先&nbsp;<a href='/login'>登录</a>&nbsp;再进行交易。",
    "en" : "Please <a href='/login'>Sign in</a> before you trade"
  },
  "定单已执行" : {
    "cn" : "订单已执行",
    "en" : "Executed order"
  },
  "订单提交失败" : {
    "cn" : "订单提交失败",
    "en" : "Submit order failed"
  },
  "当前价" : {
    "cn" : "当前价",
    "en" : "Current price"
  },
  "当前价折合" : {
    "cn" : "当前价折合",
    "en" : "Current price worth"
  },
  "金额" : {
    "cn" : "金额",
    "en" : "Amount"
  },
  "兑换比例" : {
    "cn" : "兑换比例",
    "en" : "Exchange Ratio"
  },
  "状态" : {
    "cn" : "状态",
    "en" : "Status"
  },
  "将下列指定币种添加到此账户" : {
    "cn" : "将下列指定币种添加到此账户",
    "en" : "All the currency to this account"
  },
  "币种管理" : {
    "cn" : "币种管理",
    "en" : "Currency Management "
  },
  "推荐币种" : {
    "cn" : "推荐币种",
    "en" : "Recommend Currency"
  },
  "最新价格" : {
    "cn" : "最新价格",
    "en" : "Last Price"
  },
  "账单管理" : {
    "cn" : "账单管理",
    "en" : "Bill Management"
  },
  "所有" : {
    "cn" : "所有",
    "en" : "All"
  },
  "更多" : {
    "cn" : "更多",
    "en" : "More"
  },
  "时间/序号" : {
    "cn" : "时间/序号",
    "en" : "Time/No."
  },
  "账单类型" : {
    "cn" : "账单类型",
    "en" : "Type"
  },
  "净总额" : {
    "cn" : "净总额",
    "en" : "Net Amount"
  },
  "总额" : {
    "cn" : "总额",
    "en" : "Total Amount"
  },
  "占比" : {
    "cn" : "占比",
    "en" : "Proportion"
  },
  "可用" : {
    "cn" : "可用",
    "en" : "Available Amount"
  },
  "冻结" : {
    "cn" : "冻结",
    "en" : "Frozen Amount"
  },
  "暂未开放" : {
    "cn" : "暂未开放",
    "en" : "Not yet open"
  },
  "切换" : {
    "cn" : "切换",
    "en" : "Switch"
  },
  "更多记录" : {
    "cn" : "更多记录",
    "en" : "More Records"
  },
  "精简" : {
    "cn" : "精简",
    "en" : "simple"
  },
  "杠杆" : {
    "cn" : "杠杆",
    "en" : "margin"
  },
  "余额" : {
    "cn" : "余额",
    "en" : "balance"
  },
  "真实交易币" : {
    "cn" : "真实交易币",
    "en" : "Real trading currency"
  },
  "模拟交易币" : {
    "cn" : "模拟交易币",
    "en" : "Simulated trading currency"
  },
  "委托" : {
    "cn" : "委托",
    "en" : "order"
  },
  "原始" : {
    "cn" : "原始",
    "en" : "NONE"
  },
  "默认" : {
    "cn" : "默认",
    "en" : "NONE"
  },
  "热门" : {
    "cn" : "热门",
    "en" : "HOT"
  }

}