{
  "请上传" : {
    "cn" : "请上传",
    "en" : "Please upload"
  },
  "请确认您的上传是否为图片" : {
    "cn" : "请确认您的上传是否为图片",
    "en" : "Please ensure that is a photo file"
  },
  "图片上传中，请稍后提交..." : {
    "cn" : "图片上传中，请稍后提交...",
    "en" : "Photo uploading,please submit later..."
  },
  "上传完成" : {
    "cn" : "上传完成",
    "en" : "Upload success"
  },
  "上传失败" : {
    "cn" : "上传失败",
    "en" : "Upload fail"
  },
  "比特银行" : {
    "cn" : "比特银行",
    "en" : "Bitbank"
  },
  "退出登陆" : {
    "cn" : "退出登陆",
    "en" : "Sign Out"
  },
  "用户登陆" : {
    "cn" : "用户登陆",
    "en" : "Sign In"
  },
  "账户" : {
    "cn" : "账户",
    "en" : "Account"
  },
  "资金" : {
    "cn" : "资金",
    "en" : "Funds"
  },
  "其它" : {
    "cn" : "其它",
    "en" : "Other"
  },
  "注册新用户" : {
    "cn" : "注册新用户",
    "en" : "Sign up a new account"
  },
  "手机号码/邮箱" : {
    "cn" : "手机号码/邮箱",
    "en" : "Phone Number/Email"
  },
  "设置登录密码" : {
    "cn" : "设置登录密码",
    "en" : "Set login password"
  },
  "密码8~20位，且为字母、数字、符号等任意2种以上组合。" : {
    "cn" : "密码8~20位，且为字母、数字、符号等任意2种以上组合。",
    "en" : "consist of 8-20 digitals, it is a combination of any two or more among letters, numbers and symbols"
  },
  "不合格" : {
    "cn" : "不合格",
    "en" : "Invalid"
  },
  "弱" : {
    "cn" : "弱",
    "en" : "Weak"
  },
  "中" : {
    "cn" : "中",
    "en" : "Middle"
  },
  "强" : {
    "cn" : "强",
    "en" : "Strong"
  },
  "登录密码" : {
    "cn" : "登录密码",
    "en" : "Password"
  },
  "重复输入密码" : {
    "cn" : "重复输入密码",
    "en" : "Repeat password"
  },
  "动态验证码" : {
    "cn" : "动态验证码",
    "en" : "Dynamic Code"
  },
  "点击获取" : {
    "cn" : "点击获取",
    "en" : "Send"
  },
  "获取验证码" : {
    "cn" : "获取验证码",
    "en" : "Send Code"
  },
  "我已阅读并同意《用户服务协议》" : {
    "cn" : "我已阅读并同意《用户服务协议》",
    "en" : "I have read and agreed to 'EXX Registration Agreement'"
  },
  "立即注册" : {
    "cn" : "立即注册",
    "en" : "Sign Up"
  },
  "已有帐号立即登录" : {
    "cn" : "已有帐号立即登录",
    "en" : "Login"
  },
  "找回登录密码" : {
    "cn" : "找回登录密码",
    "en" : "Retake Password"
  },
  "图形验证码" : {
    "cn" : "图形验证码",
    "en" : "Captcha"
  },
  "点击刷新验证码" : {
    "cn" : "点击刷新验证码",
    "en" : "Refresh captcha"
  },
  "请勿在公共场所使用该功能" : {
    "cn" : "请勿在公共场所使用该功能",
    "en" : "Please don't use it in public places"
  },
  "记住用户名" : {
    "cn" : "记住用户名",
    "en" : "Keep my username on this computer"
  },
  "清除记录" : {
    "cn" : "清除记录",
    "en" : "Clear Records"
  },
  "清除cookies数据" : {
    "cn" : "清除cookies数据",
    "en" : "Clear Cookies"
  },
  "立即登录" : {
    "cn" : "立即登录",
    "en" : "Login"
  },
  "注册帐号" : {
    "cn" : "注册帐号",
    "en" : "Sign Up"
  },
  "忘记密码" : {
    "cn" : "忘记密码",
    "en" : "Forgot your password?"
  },
  "最近登录IP" : {
    "cn" : "最近登录IP",
    "en" : "Recent Login IP"
  },
  "登录时间" : {
    "cn" : "登录时间",
    "en" : "Login Time"
  },
  "登录IP" : {
    "cn" : "登录IP",
    "en" : "Login IP"
  },
  "参考地点" : {
    "cn" : "参考地点",
    "en" : "Reference Location"
  },
  "详情" : {
    "cn" : "详情",
    "en" : "Details"
  },
  "帐号登录" : {
    "cn" : "帐号登录",
    "en" : "Login"
  },
  "基本信息" : {
    "cn" : "基本信息",
    "en" : "Overview"
  },
  "安全设置" : {
    "cn" : "安全设置",
    "en" : "Safe Settings"
  },
  "个人中心" : {
    "cn" : "个人中心",
    "en" : "User Center"
  },
  "主账户" : {
    "cn" : "主账户",
    "en" : "Main Account"
  },
  "子账户" : {
    "cn" : "子账户",
    "en" : "Sub-account"
  },
  "上次登录IP" : {
    "cn" : "上次登录IP",
    "en" : "Last login IP"
  },
  "安全性" : {
    "cn" : "安全性",
    "en" : "Security"
  },
  "已设置" : {
    "cn" : "已设置",
    "en" : "Have been set"
  },
  "未设置" : {
    "cn" : "未设置",
    "en" : "Unset"
  },
  "二级密码" : {
    "cn" : "二级密码",
    "en" : "Ⅱ Password"
  },
  "已验证" : {
    "cn" : "已验证",
    "en" : "Verified"
  },
  "修改" : {
    "cn" : "修改",
    "en" : "Modify"
  },
  "上次登录时间" : {
    "cn" : "上次登录时间",
    "en" : "Last login time"
  },
  "认证" : {
    "cn" : "认证",
    "en" : "Verification"
  },
  "已认证" : {
    "cn" : "已认证",
    "en" : "Verified"
  },
  "未认证" : {
    "cn" : "未认证",
    "en" : "Unverified"
  },
  "手机" : {
    "cn" : "手机",
    "en" : "Mobile"
  },
  "google验证" : {
    "cn" : "google验证",
    "en" : "Google authentication"
  },
  "交易时使用二级密码" : {
    "cn" : "交易时使用二级密码",
    "en" : "Use transaction password for transaction"
  },
  "异地登录验证" : {
    "cn" : "异地登录验证",
    "en" : "New location login authentication"
  },
  "Google登录验证" : {
    "cn" : "Google登录验证",
    "en" : "Google authentication for login"
  },
  "Google验证" : {
    "cn" : "Google验证",
    "en" : "Google authentication"
  },
  "提现验证" : {
    "cn" : "提现验证",
    "en" : "Withdrawal Verification"
  },
  "提现验证：手机验证码" : {
    "cn" : "提现验证：手机验证码",
    "en" : "Phone verification for withdrawals"
  },
  "提现验证：Google验证码" : {
    "cn" : "提现验证：Google验证码",
    "en" : "Google verification for withdrawals"
  },
  "永久关闭" : {
    "cn" : "永久关闭",
    "en" : "Permanently turn off"
  },
  "开启" : {
    "cn" : "开启",
    "en" : "On"
  },
  "已关闭" : {
    "cn" : "已关闭",
    "en" : "Off"
  },
  "关闭" : {
    "cn" : "关闭",
    "en" : "Trun"
  },
  "已开启" : {
    "cn" : "已开启",
    "en" : "On"
  },
  "登录密码设置" : {
    "cn" : "登录密码设置",
    "en" : "Password Reset"
  },
  "当前密码" : {
    "cn" : "当前密码",
    "en" : "Current Password"
  },
  "为了用户资金安全，修改二级密码后24小时内不可用。" : {
    "cn" : "为了用户资金安全，修改二级密码后24小时内不可用。",
    "en" : "Please note new transaction password will be effective after 24 hours."
  },
  "新密码" : {
    "cn" : "新密码",
    "en" : "New password"
  },
  "确认新密码" : {
    "cn" : "确认新密码",
    "en" : "Confirm New Password"
  },
  "忘记登录密码" : {
    "cn" : "忘记登录密码",
    "en" : "Forgot login password"
  },
  "修改二级密码" : {
    "cn" : "修改二级密码",
    "en" : "Set transaction password"
  },
  "忘记二级密码" : {
    "cn" : "忘记二级密码",
    "en" : "Forgot transaction password"
  },
  "邮箱认证" : {
    "cn" : "邮箱认证",
    "en" : "Email Verification"
  },
  "请使用您常用的邮箱地址进行认证。" : {
    "cn" : "请使用您常用的邮箱地址进行认证。",
    "en" : "Please use your usual email address for authentication."
  },
  "邮箱地址" : {
    "cn" : "邮箱地址",
    "en" : "Email"
  },
  "修改手机" : {
    "cn" : "修改手机",
    "en" : "Modify phone number"
  },
  "原手机号码" : {
    "cn" : "原手机号码",
    "en" : "The original phone number"
  },
  "原手机验证码" : {
    "cn" : "原手机验证码",
    "en" : "The original SMS code"
  },
  "新手机号码" : {
    "cn" : "新手机号码",
    "en" : "The new phone number"
  },
  "新手机验证码" : {
    "cn" : "新手机验证码",
    "en" : "New phone verification code"
  },
  "发起修改手机申请后，我们的客服人员会尽快与您联系进行视频认证，如有疑问请联系在线客服。" : {
    "cn" : "发起修改手机申请后，我们的客服人员会尽快与您联系进行视频认证，如有疑问请联系在线客服。",
    "en" : "After you submit the request for modifying phone verification, our customer service staff will contact you as soon as possible for video authentication. If you have any problem, please contact online customer service."
  },
  "下一步" : {
    "cn" : "下一步",
    "en" : "Next"
  },
  "温馨提示" : {
    "cn" : "温馨提示",
    "en" : "Notes"
  },
  "二级密码修改成功" : {
    "cn" : "二级密码修改成功",
    "en" : "Modify transaction password successfully."
  },
  "需要先认证邮箱才能修改手机号码，现在就去认证邮箱。" : {
    "cn" : "需要先认证邮箱才能修改手机号码，现在就去<a href='/u/safe/setEmail'>认证邮箱</a>。",
    "en" : "Need to verify the mailbox before you can modify the phone number, <a href='/u/safe/setEmail'>certification mailbox</a> now."
  },
  "邮箱验证码" : {
    "cn" : "邮箱验证码",
    "en" : "Email verification code"
  },
  "请输入正确的手机号码/邮箱" : {
    "cn" : "请输入正确的手机号码/邮箱",
    "en" : "Please enter a correct phone number / Email"
  },
  "秒" : {
    "cn" : "秒",
    "en" : "s"
  },
  "交易安全策略设置" : {
    "cn" : "交易安全策略设置",
    "en" : "Transaction security policy settings"
  },
  "永不输入二级密码" : {
    "cn" : "永不输入二级密码",
    "en" : "Never enter the transaction password"
  },
  "6小时内免输二级密码" : {
    "cn" : "6小时内免输二级密码",
    "en" : "No transaction password is required for 6 hours"
  },
  "每次交易均验证二级密码" : {
    "cn" : "每次交易均验证二级密码",
    "en" : "Verification of transaction password for each transaction"
  },
  "Google认证" : {
    "cn" : "Google认证",
    "en" : "Google Authentication"
  },
  "下载安装Google认证器" : {
    "cn" : "下载安装Google认证器",
    "en" : "Download Google authenticator"
  },
  "使用帮助" : {
    "cn" : "使用帮助",
    "en" : "Help"
  },
  "然后选择“扫描条形码”。" : {
    "cn" : "然后选择“扫描条形码”。",
    "en" : "Scan QR code"
  },
  "扫描左侧条形码，输入Google验证码，完成认证。" : {
    "cn" : "扫描左侧条形码，输入Google验证码，完成认证。",
    "en" : "Scan the bar code on the left side, enter Google authentication code to complete authentication."
  },
  "如果您无法扫描成功上图的条形码，您还可以手动添加账户，并输入如下密匙" : {
    "cn" : "如果您无法扫描成功上图的条形码，您还可以手动添加账户，并输入如下密匙",
    "en" : "If you cannot scan the bar code, please add account manually and enter the following secret key"
  },
  "请勿删除此双重验证密码账户，否则会导致您无法进行账户操作；如果误删，您可通过重置密钥重新获取。" : {
    "cn" : "请勿删除此双重验证密码账户，否则会导致您无法进行账户操作；如果误删，您可通过重置密钥重新获取。",
    "en" : "Do not delete this dual authentication password account, otherwise it will cause you to be unable to access your account. If you accidentally deleted your account, you can re-access your account by resetting the key."
  },
  "密钥" : {
    "cn" : "密钥",
    "en" : "Secret key"
  },
  "Google验证码" : {
    "cn" : "Google验证码",
    "en" : "Google Authentication Code"
  },
  "验证并开启" : {
    "cn" : "验证并开启",
    "en" : "Verify and Activate"
  },
  "验证并关闭" : {
    "cn" : "验证并关闭",
    "en" : "Verify and Disabled"
  },
  "验证并修改" : {
    "cn" : "验证并修改",
    "en" : "Verify and Modify"
  },
  "请输入二级密码" : {
    "cn" : "请输入二级密码",
    "en" : "Please enter transaction password."
  },
  "账户中心" : {
    "cn" : "账户中心",
    "en" : "Account Center"
  },
  "开启杠杆" : {
    "cn" : "开启杠杆",
    "en" : "Enable Margin"
  },
  "平仓风险" : {
    "cn" : "平仓风险",
    "en" : "Risk"
  },
  "你确定需要开启杠杆吗？" : {
    "cn" : "你确定需要开启杠杆吗？",
    "en" : "Sure to enable margin?"
  },
  "开启杠杆后，账号仅能支持对应交易对资产" : {
    "cn" : "开启杠杆后，账号仅能支持对应交易对资产，因此需要将其他资产进行转移",
    "en" : "After enable margin trading, the account only can support the margin trading pairs, you need to transfer other funds out of the account."
  },
  "账号中心" : {
    "cn" : "账号中心",
    "en" : "Account Center"
  },
  "交易" : {
    "cn" : "交易",
    "en" : "Trade"
  },
  "账户面板" : {
    "cn" : "账户面板",
    "en" : "Account"
  },
  "内部划账" : {
    "cn" : "内部划账",
    "en" : "Internal transfer"
  },
  "转出账号" : {
    "cn" : "转出账号",
    "en" : "Transfer-out account"
  },
  "主账号" : {
    "cn" : "主账号",
    "en" : "Primary Account"
  },
  "转入账号" : {
    "cn" : "转入账号",
    "en" : "Transfer-in account"
  },
  "转账金额" : {
    "cn" : "转账金额",
    "en" : "Transfer amount"
  },
  "请选择转入账号" : {
    "cn" : "请选择转入账号",
    "en" : "Please select transfer-in account"
  },
  "请选择转出账号" : {
    "cn" : "请选择转出账号",
    "en" : "Please select transfer-out account"
  },
  "请选择币种" : {
    "cn" : "请选择币种",
    "en" : "Please select currency"
  },
  "请输入划账金额" : {
    "cn" : "请输入划账金额",
    "en" : "Please enter transfer amount"
  },
  "内部划账成功" : {
    "cn" : "内部划账成功",
    "en" : "Internal transfer successfully"
  },
  "资金管理" : {
    "cn" : "资金管理",
    "en" : "Funds Management"
  },
  "币种" : {
    "cn" : "币种",
    "en" : "Currency"
  },
  "可用资金" : {
    "cn" : "可用资金",
    "en" : "Available Funds"
  },
  "冻结资金" : {
    "cn" : "冻结资金",
    "en" : "Frozen Funds"
  },
  "总计" : {
    "cn" : "总计",
    "en" : "Total"
  },
  "抵扣券" : {
    "cn" : "抵扣券",
    "en" : "Voucher"
  },
  "请输入密钥" : {
    "cn" : "请输入密钥",
    "en" : "Please enter private key "
  },
  "标题" : {
    "cn" : "标题",
    "en" : "Title"
  },
  "获取类型" : {
    "cn" : "获取类型",
    "en" : "Gain Type"
  },
  "活动赠送" : {
    "cn" : "活动赠送",
    "en" : "Activity Rewards"
  },
  "系统赠送" : {
    "cn" : "系统赠送",
    "en" : "System Rewards"
  },
  "抵扣券类型" : {
    "cn" : "抵扣券类型",
    "en" : "Voucher Type"
  },
  "限额打折券" : {
    "cn" : "限额打折券",
    "en" : "Discount Voucher"
  },
  "限额抵扣券" : {
    "cn" : "限额抵扣券",
    "en" : "Voucher"
  },
  "打折券" : {
    "cn" : "打折券",
    "en" : "Voucher"
  },
  "抵扣额度" : {
    "cn" : "抵扣额度",
    "en" : "Deduction Amount"
  },
  "使用时间" : {
    "cn" : "使用时间",
    "en" : "Valid Time"
  },
  "过期时间" : {
    "cn" : "过期时间",
    "en" : "Expiration Time"
  },
  "状态" : {
    "cn" : "状态",
    "en" : "Status"
  },
  "未激活" : {
    "cn" : "未激活",
    "en" : "Inactive"
  },
  "未使用" : {
    "cn" : "未使用",
    "en" : "Unused"
  },
  "已使用" : {
    "cn" : "已使用",
    "en" : "Used"
  },
  "已过期" : {
    "cn" : "已过期",
    "en" : "Expired"
  },
  "禁止使用" : {
    "cn" : "禁止使用",
    "en" : "Cannot use"
  },
  "使用中" : {
    "cn" : "使用中",
    "en" : "In use"
  },
  "登录安全策略" : {
    "cn" : "登录安全策略",
    "en" : "Login Security Preference "
  },
  "异地登录认证：" : {
    "cn" : "异地登录认证：",
    "en" : "New Location Login Verification"
  },
  "提现安全策略" : {
    "cn" : "提现安全策略",
    "en" : "Withdrawal Security Preference"
  },
  "小于" : {
    "cn" : "小于",
    "en" : "Less than"
  },
  "美元：" : {
    "cn" : "美元：",
    "en" : "US Dollar"
  },
  "仅指纹" : {
    "cn" : "仅指纹",
    "en" : "Fingerprint only"
  },
  "账户昵称" : {
    "cn" : "账户昵称",
    "en" : "Account nickname"
  },
  "子账户昵称" : {
    "cn" : "子账户昵称",
    "en" : "Sub-account nickname"
  },
  "新登录密码" : {
    "cn" : "新登录密码",
    "en" : "New Login Password"
  },
  "子账户登录密码" : {
    "cn" : "子账户登录密码",
    "en" : "Sub-account Login Password"
  },
  "旧登录密码" : {
    "cn" : "旧登录密码",
    "en" : "Original Login Password"
  },
  "主账户登录密码" : {
    "cn" : "主账户登录密码",
    "en" : "Primary Account Login Password"
  },
  "创建子账户" : {
    "cn" : "创建子账户",
    "en" : "Create sub-account"
  },
  "账户名为4到16位包含数字和字母的组合" : {
    "cn" : "账户名为4到16位包含数字和字母的组合",
    "en" : "Account name must be 4-16 characters contained letters and numbers   "
  },
  "请输入登录密码" : {
    "cn" : "请输入登录密码",
    "en" : "Please enter login pssword"
  },
  "修改账户" : {
    "cn" : "修改账户",
    "en" : "Modify account"
  },
  "邮箱设置" : {
    "cn" : "邮箱设置",
    "en" : "Email Setting"
  },
  "请输入有效的邮箱地址" : {
    "cn" : "请输入有效的邮箱地址",
    "en" : "Please enter vaild email address"
  },
  "请确认二级密码是否正确" : {
    "cn" : "请确认二级密码是否正确",
    "en" : "Please confirm the secondary password"
  },
  "请输入正确的邮箱验证码" : {
    "cn" : "请输入正确的邮箱验证码",
    "en" : "Please enter correct email verification code"
  },
  "请输入正确的手机验证码" : {
    "cn" : "请输入正确的手机验证码",
    "en" : "Please enter correct SMS code"
  },
  "邮箱认证成功" : {
    "cn" : "邮箱认证成功",
    "en" : "Email address verified"
  },
  "模拟" : {
    "cn" : "模拟",
    "en" : "Mock"
  },
  "转入" : {
    "cn" : "转入",
    "en" : "Transfer-in"
  },
  "没有可以划账的对象" : {
    "cn" : "没有可以划账的对象",
    "en" : "No transfer funds"
  },
  "转入金额" : {
    "cn" : "转入金额",
    "en" : "Transfer-in amount"
  },
  "相同用户不需要划账" : {
    "cn" : "相同用户不需要划账",
    "en" : "The same user no need to transfer"
  },
  "修改子账户" : {
    "cn" : "修改子账户",
    "en" : "Modify sub-account"
  },
  "登录用户名" : {
    "cn" : "登录用户名",
    "en" : "Username"
  },
  "二级密码设置" : {
    "cn" : "二级密码设置",
    "en" : "Secondary Password Setting"
  },
  "原二级密码" : {
    "cn" : "原二级密码",
    "en" : "Original secondary password"
  },
  "新二级密码" : {
    "cn" : "新二级密码",
    "en" : "New secondary password"
  },
  "重复新二级密码" : {
    "cn" : "重复新二级密码",
    "en" : "Repeat secondary password"
  },
  "Google设置" : {
    "cn" : "Google设置",
    "en" : "Google Setting"
  },
  "是否开启" : {
    "cn" : "是否开启",
    "en" : "Enable or not"
  },
  "当前登录密码" : {
    "cn" : "当前登录密码",
    "en" : "Current login password"
  },
  "确认新登录密码" : {
    "cn" : "确认新登录密码",
    "en" : "Confirm login password"
  },
  "请输入新密码" : {
    "cn" : "请输入新密码",
    "en" : "Please enter new password"
  },
  "两次输入的密码不一致" : {
    "cn" : "两次输入的密码不一致",
    "en" : "The two passwords are different"
  },
  "请输入验证码" : {
    "cn" : "请输入验证码",
    "en" : "Please enter verification code"
  },
  "登录密码修改成功" : {
    "cn" : "登录密码修改成功",
    "en" : "Success"
  },
  "手机设置" : {
    "cn" : "手机设置",
    "en" : "Phone Setting"
  },
  "需要先认证邮箱才能修改手机号码，现在就去认证邮箱" : {
    "cn" : "需要先认证邮箱才能修改手机号码，现在就去<a onclick='EXX.userIndex.openModal(setEmail')'>认证邮箱",
    "en" : "Please verify your email address before you modify the phone number, verify now <a onclick='EXX.userIndex.openModal(setEmail')'> "
  },
  "原手机已遗失？" : {
    "cn" : "原手机已遗失？",
    "en" : "Lost your phone？"
  },
  "请输入原手机验证码(六位数字)" : {
    "cn" : "请输入原手机验证码(六位数字)",
    "en" : "Please enter SMS code received on your original phone number"
  },
  "请输入有效的手机号码" : {
    "cn" : "请输入有效的手机号码",
    "en" : "Please enter the vaild ohone number"
  },
  "二级密码不正确" : {
    "cn" : "二级密码不正确",
    "en" : "Wrong secondary password"
  },
  "设置用户名和密码以允许此子账户独立登录系统" : {
    "cn" : "设置用户名和密码以允许此子账户独立登录系统",
    "en" : "Setting username and password to allow the sub-account login alone"
  },
  "设置为不允许此子账户独立登录系统" : {
    "cn" : "设置为不允许此子账户独立登录系统",
    "en" : "Setting not to allow the sub-account login alone"
  },
  "设置此子账户关闭杠杆交易" : {
    "cn" : "设置此子账户关闭杠杆交易",
    "en" : "Setting this account close margin trading"
  },
  "设置此子账户开启指定市场的杠杆交易" : {
    "cn" : "设置此子账户开启指定市场的杠杆交易",
    "en" : "Setting this account enable margin trading for select markets"
  },
  "选择市场" : {
    "cn" : "选择市场",
    "en" : "Select market"
  },
  "子账户登录管理" : {
    "cn" : "子账户登录管理",
    "en" : "Sub-account login management"
  },
  "请输入主账户登录密码" : {
    "cn" : "请输入主账户登录密码",
    "en" : "Please enter primary account login password"
  },
  "关闭杠杆" : {
    "cn" : "关闭杠杆",
    "en" : "Close margin"
  },
  "原手机已遗失" : {
    "cn" : "原手机已遗失",
    "en" : "Lost original phone number"
  },
  "手机修改成功" : {
    "cn" : "手机修改成功",
    "en" : "Modify phone number successfully"
  },
  "未选择" : {
    "cn" : "未选择",
    "en" : "Unselect"
  },
  "关闭异地登录验证" : {
    "cn" : "关闭异地登录验证",
    "en" : "Close new location login verification"
  },
  "手机信息设置成功" : {
    "cn" : "手机信息设置成功",
    "en" : "Phone information setting successfully"
  },
  "辅助货币已经更改为" : {
    "cn" : "价格显示货币已经更改为",
    "en" : "The reference currency has been switched to "
  },
  "辅助货币切换成功" : {
    "cn" : "价格显示货币切换成功",
    "en" : "The reference currency is switched successfully"
  },
  "不启用" : {
    "cn" : "不启用",
    "en" : "Close"
  },
  "杠杆设置" : {
    "cn" : "杠杆设置",
    "en" : "Margin Setting"
  },
  "登录设置" : {
    "cn" : "登录设置",
    "en" : "Login Setting"
  },
  "管理该用户的账单" : {
    "cn" : "管理该用户的账单",
    "en" : "Manage the bill"
  },
  "管理该用户的币种" : {
    "cn" : "管理该用户的币种",
    "en" : "Manage the currency"
  },
  "所有账户" : {
    "cn" : "所有账户",
    "en" : "All accounts"
  },
  "需同意《用户服务协议》才能继续" : {
    "cn" : "需同意《用户服务协议》才能继续",
    "en" : "It requires to agree on EXX Service Agreement"
  },
  "证件号码" : {
    "cn" : "证件号码",
    "en" : "Document Number"
  },
  "如果帐户未实名认证此项可不填写" : {
    "cn" : "如果帐户未实名认证此项可不填写",
    "en" : "It is not required if you have not verified your account"
  },
  "温馨提示：若没有设置过登录密码可通过该方法设置。" : {
    "cn" : "温馨提示：若没有设置过登录密码可通过该方法设置。",
    "en" : "Note：You can set a login password in this way if you never set one"
  },
  "设置新的登录密码" : {
    "cn" : "设置新的登录密码",
    "en" : "Set a new login password"
  },
  "登录成功" : {
    "cn" : "登录成功",
    "en" : "Login successfully"
  },
  "即将跳转到账户中心" : {
    "cn" : "即将跳转到账户中心",
    "en" : "Skip to account center"
  },
  "立即跳转" : {
    "cn" : "立即跳转",
    "en" : "Jump"
  },
  "提示" : {
    "cn" : "提示",
    "en" : "Note"
  },
  "添加子账号" : {
    "cn" : "添加子账号",
    "en" : "Add sub-account"
  },
  "仅限于模拟盘交易" : {
    "cn" : "仅限于模拟盘交易",
    "en" : "Only for mock trading"
  },
  "是否模拟账户" : {
    "cn" : "是否模拟账户",
    "en" : "Is it a mock account?"
  },
  "划入" : {
    "cn" : "划入",
    "en" : "wipe-in"
  },
  "划出" : {
    "cn" : "划出",
    "en" : "wipe-out"
  },
  "借入" : {
    "cn" : "借入",
    "en" : "Loan in"
  },
  "兑入" : {
    "cn" : "兑入",
    "en" : "Roll In"
  },
  "兑出" : {
    "cn" : "兑出",
    "en" : "Roll Out"
  },
  "" : {
    "cn" : "",
    "en" : ""
  }

}