{
  "星期一" : {
    "cn" : "星期一",
    "en" : "Monday"
  },
  "星期二" : {
    "cn" : "星期二",
    "en" : "Tuesday"
  },
  "星期三" : {
    "cn" : "星期三",
    "en" : "Wednesday"
  },
  "星期四" : {
    "cn" : "星期四",
    "en" : "Thursday"
  },
  "星期五" : {
    "cn" : "星期五",
    "en" : "Friday"
  },
  "星期六" : {
    "cn" : "星期六",
    "en" : "Saturday"
  },
  "星期日" : {
    "cn" : "星期日",
    "en" : "Sunday"
  },
  "年" : {
    "cn" : "年",
    "en" : "Year"
  },
  "月" : {
    "cn" : "月",
    "en" : "Month"
  },
  "周" : {
    "cn" : "周",
    "en" : "Year"
  },
  "日" : {
    "cn" : "日",
    "en" : "Day"
  },
  "时" : {
    "cn" : "时",
    "en" : "Hour"
  },
  "分" : {
    "cn" : "分",
    "en" : "Min"
  },
  "秒" : {
    "cn" : "秒",
    "en" : "Second"
  },
  "关于我们" : {
    "cn" : "关于我们",
    "en" : "About"
  },
  "技术实力说明文字" : {
    "cn" : "国际化的技术团队，分别创建运营过百度收录五百万以上和营业额超过15亿人民币的网站，技术实力雄厚。",
    "en" : "Exx has an international technical team with experience of creating and running the website whose turnover exceed $250 million."
  },
  "exx致力于数字资产在全球的普及与发展" : {
    "cn" : "exx致力于数字资产在全球的普及与发展",
    "en" : "Exx is committed to the global popularization and development of digital asset"
  },
  "技术实力" : {
    "cn" : "技术实力",
    "en" : "Technical Strength"
  },
  "安全保障" : {
    "cn" : "安全保障",
    "en" : "Robust Security"
  },
  "用户至上" : {
    "cn" : "用户至上",
    "en" : "User Supreme"
  },
  "多层保障,确保用户与资金安全无忧。" : {
    "cn" : "手机安保、实名认证安保、Google双重认证安保、离线BTC钱包、服务器SLB均衡与同时备份，确保用户与资金安全无忧。",
    "en" : "EXX uses offline cold storage, multi-signature wallet, geographically redundant cloud servers, SSL encrypted traffic, SMS and Google verification code technology, real-time internal controls and strict procedures to secure our customer’s account and funds."
  },
  "7*24*365在线客服服务" : {
    "cn" : "7*24*365在线客服服务，为用户提供实时、快捷、高效的服务。",
    "en" : "7*24 hour online customer service, provides customers with real-time, fast and efficient service."
  },
  "公司介绍" : {
    "cn" : "公司介绍",
    "en" : "About EXX"
  },
  "EXX是EXCHANGE X 的简写" : {
    "cn" : "EXX是EXCHANGE X 的简写，由EXX GROUP LIMITED公司运营, 面向全球提供比特币、以太坊、莱特币、以太坊经典等多种数字货币交易服务，是安全可信赖的数字货币交易网，EXX使用多重安全防护技术打造金融级的交易平台， 为数字货币爱好者提供安全、稳定、快捷的交易渠道，使用户可以放心交易。",
    "en" : "Operated by EXX GROUP LIMITED, EXX is the Abbreviation of EXCHANGE X, offering cryptocurrency trading for the global users, such as Bitcoin, Litecoin, Ethereum and Ethereum Classic. EXX is a professional cryptocurrency exchange focusing on providing customers with convenient transaction process and professional customer service. "
  },
  "我们的使命" : {
    "cn" : "我们的使命",
    "en" : "Our Mission"
  },
  "我们是比特币和区块链的忠实信徒" : {
    "cn" : "我们是比特币和区块链的忠实信徒，我们认为数字货币和区块链技术将写进文明历史，对人类生活和全球经济活动产生重大影响，为此，我们义无反顾的投入到这个行业，并立志推动数字货币和区块链技术在全球得到普及与发展，EXX将汇集国际顶尖的技术狂人和运营专家，致力于为全球数字货币爱好者打造世界顶级的数字货币交易平台。",
    "en" : "As the firm believers of Bitcoin and blockchain, we believe cryptocurrency and blockchain technology will bring significant impact on human life and global economy. We are committed to the global popularization and development of cryptocurrency and blockchain technology. EXX will gather the top international technical talents and operational experts to create a world's top cryptocurrency exchange.   "
  },
  "团队介绍" : {
    "cn" : "团队介绍",
    "en" : "Team"
  },
  "EXX核心成员" : {
    "cn" : "EXX核心成员来自于全球知名的互联网和金融领域的专业人士，拥有雄厚的产品研发实力、扎实的运营水准和国际化视野，公司从高层到一线员工秉承“用户至上，用心服务”的理念，以用户需求为导向，以提升用户体验为核心，为全球用户提供最可靠、最便捷的数字货币交易服务。",
    "en" : "Exx are formed by professionals with an international perspective who had ever been with international companies for years, possess solid experiences in Internet and financial products development and enterprise management. "
  },
  "客服" : {
    "cn" : "客服",
    "en" : "Customer Service"
  },
  "公告" : {
    "cn" : "公告",
    "en" : "Announcement"
  },
  "新闻" : {
    "cn" : "新闻",
    "en" : "News"
  },
  "收起" : {
    "cn" : "收起",
    "en" : "Fold"
  },
  "尊敬的用户：" : {
    "cn" : "尊敬的用户：",
    "en" : ""
  },
  "经过技术团队测试后" : {
    "cn" : "经过技术团队测试后，中国比特币将于9月20日20:00开放BCC提现业务。因BCC提币业务刚开放，考虑到保护用户资产安全，目前的提币额度暂定为50BCC/天，未来会根据市场情况有所调整。由于数字资产提币业务需要人工审核，我们的处理人员可能会电话联系您确认提币信息，请您留意接听电话。如有疑问，请联系在线客服或热线电话4008708700。",
    "en" : ""
  },
  "泰晤士高等教育" : {
    "cn" : "泰晤士高等教育（Times Higher Education）发布了2018世界大学排名，而榜上有名的许多顶级学府都为保持其领先优势而增设了区块链技术课程。区块链在业界，尤其是金融届的应用已经发展的如火如荼，而如今，学术界也将如法炮制，探索区块链的重要性。各顶级学府也纷纷将区块链技术纳入课程设置，从而保持与这些新兴技术的相关性。而本文中即对这些学校做了简要介绍。",
    "en" : ""
  },
  "发送消息" : {
    "cn" : "发送消息",
    "en" : "Send Message"
  },
  "私聊" : {
    "cn" : "私聊",
    "en" : "Private Chat"
  },
  "常见问题" : {
    "cn" : "常见问题",
    "en" : "FAQ"
  },
  "帮助中心" : {
    "cn" : "帮助中心",
    "en" : "Support"
  },
  "请输入您要查找的关键字" : {
    "cn" : "请输入您要查找的关键字",
    "en" : "Please enter the keyword"
  },
  "入门指南" : {
    "cn" : "入门指南",
    "en" : "Start Guide"
  },
  "操作指南" : {
    "cn" : "操作指南",
    "en" : "Operations Guide"
  },
  "文章不存在" : {
    "cn" : "文章不存在",
    "en" : "The article is not exist."
  },
  "入门教程" : {
    "cn" : "入门教程",
    "en" : "Getting Started"
  },
  "随时随地，不错过任何机会" : {
    "cn" : "随时随地，不错过任何机会",
    "en" : "Keeps you updated all the time, not miss any market quotations"
  },
  "实时交易：买入、卖出、杠杆" : {
    "cn" : "实时交易：买入、卖出、杠杆",
    "en" : "Real-time Trading: buy, sell and margin"
  },
  "随身充提：充值、提现" : {
    "cn" : "随身充提：充值、提现",
    "en" : "Allows you deposit and withdrawal whenever and wherever needed"
  },
  "实时提醒：行情提醒、事件提醒" : {
    "cn" : "实时提醒：行情提醒、事件提醒",
    "en" : "Real-time Alert: price alerts and event alerts"
  },
  "下载" : {
    "cn" : "下载",
    "en" : "Download"
  },
  "连接世界，加速价值交换" : {
    "cn" : "连接世界，加速价值交换",
    "en" : "Connect the world, accelerate value exchange"
  },
  "每秒可完成数十万笔交易的商用区块链" : {
    "cn" : "每秒可完成数十万笔交易的商用区块链",
    "en" : "The commercial blockchain is capable of hundreds of thousands of transactions "
  },
  "联盟链+公有链，混合区块链" : {
    "cn" : "联盟链+公有链，混合区块链",
    "en" : "Consortium Blockchain + Public Blockchain, Mixed Blockchain"
  },
  "符合本地法规的商业运作" : {
    "cn" : "符合本地法规的商业运作",
    "en" : "Business operation complying with the local regulations"
  },
  "DPOS+POW，混合共识机制" : {
    "cn" : "DPOS+POW，混合共识机制",
    "en" : "DPOS+POW, Mixed Consensus Mechanism"
  },
  "对社会有价值的共识机制" : {
    "cn" : "对社会有价值的共识机制",
    "en" : ""
  },
  "原生支持，跨链转移" : {
    "cn" : "原生支持，跨链转移",
    "en" : ""
  },
  "链接全球数字资产，加速交易" : {
    "cn" : "链接全球数字资产，加速交易",
    "en" : ""
  },
  "基于子链的高效撮合交易" : {
    "cn" : "基于子链的高效撮合交易",
    "en" : ""
  },
  "符合用户习惯的交易方式" : {
    "cn" : "符合用户习惯的交易方式",
    "en" : ""
  },
  "分布式交易确认及区块数据存储" : {
    "cn" : "分布式交易确认及区块数据存储",
    "en" : ""
  },
  "可水平扩展的商业技术架构" : {
    "cn" : "可水平扩展的商业技术架构",
    "en" : ""
  },
  "更高效的智能合约" : {
    "cn" : "更高效的智能合约",
    "en" : ""
  },
  "ICO/OTC等交易支持" : {
    "cn" : "ICO/OTC等交易支持",
    "en" : ""
  },
  "技术白皮书" : {
    "cn" : "技术白皮书",
    "en" : ""
  },
  "查看白皮书" : {
    "cn" : "查看白皮书",
    "en" : ""
  },
  "距离ICO剩余" : {
    "cn" : "距离ICO剩余",
    "en" : ""
  },
  "2017年6月22日" : {
    "cn" : "2017年6月22日",
    "en" : ""
  },
  "2017年8月22日" : {
    "cn" : "2017年8月22日",
    "en" : ""
  },
  "2017年10月22日" : {
    "cn" : "2017年10月22日",
    "en" : ""
  },
  "2017年12月22日" : {
    "cn" : "2017年12月22日",
    "en" : ""
  },
  "发布EXX专用链" : {
    "cn" : "发布EXX专用链",
    "en" : "Release EXX "
  },
  "已完成" : {
    "cn" : "已完成",
    "en" : "Completed"
  },
  "立即参与" : {
    "cn" : "立即参与",
    "en" : "Join"
  },
  "完成进度" : {
    "cn" : "完成进度",
    "en" : "Complete Progress"
  },
  "团队" : {
    "cn" : "团队",
    "en" : "Team"
  },
  "董事长 / 创始人" : {
    "cn" : "董事长 / 创始人",
    "en" : "President/Founder"
  },
  "曾就职于北京中教电信" : {
    "cn" : "曾就职于北京中教电信，其间因系列文章《超越nginx》获得csdn c／c＋＋技术专家称号；2009年开始自主创业，先后创办过国内顶级艺术品交易网艺粹网、十星购物网、CHBTC、Bitbank（前身为JUA聚啊）、币网以及八融宝等多个互联网项目。",
    "en" : "Songxiu Hua has rich experience in Internet startups running and management. Hua started his own business since 2009, founded many Internet projects: artww, the top artwork trading website in China; CHBTC, world's leading cryptocurrency exchange; Bitbank, the professional cryptocurrency bank; BW, one of the world’s leading miners and a top hashrate producer; 8R, the innovative platform offers cryptocurrency financial products."
  },
  "姓名" : {
    "cn" : "姓名",
    "en" : "Name"
  },
  "董事长" : {
    "cn" : "董事长",
    "en" : "President"
  },
  "商业规划" : {
    "cn" : "商业规划",
    "en" : "Business Plan"
  },
  "技术" : {
    "cn" : "技术",
    "en" : "Technology"
  },
  "核心开发团队的建立等" : {
    "cn" : "核心开发团队的建立等",
    "en" : "Team Building"
  },
  "多个客户端口" : {
    "cn" : "多个客户端口",
    "en" : ""
  },
  "执行困难的拆弹" : {
    "cn" : "执行困难的拆弹",
    "en" : ""
  },
  "固定交易回放问题" : {
    "cn" : "固定交易回放问题",
    "en" : ""
  },
  "独立经营的Blockchain节点部署" : {
    "cn" : "独立经营的Blockchain节点部署",
    "en" : ""
  },
  "获得开发商的研发从第三方公司的支持" : {
    "cn" : "获得开发商的研发从第三方公司的支持",
    "en" : ""
  },
  "EXX是一个基于区块链实现的下一代商用交易系统" : {
    "cn" : "EXX是一个基于区块链实现的下一代商用交易系统，包含交易链的技术实现以及商业推广两个部分，目标在完成交易链之后，在全球100个以上的国家<br>遵循本地法规的情况下，开设超过150个基于EXX链的一级联盟交易市场，以及数千个轻量级二级交易市场，并计划将现有的EXX.COM、CHBTC.COM、BW.COM等交易平台迁移到EXX链上，<br>形成商业支持的全球数字资产快速、安全、高效的多形态交易，包括场外OTC、集中撮合交易、基于EXX链的ICO以及其他智能合约交易，配合插件式的子链支持，未来EXX更可以提供诸如电子文档等更多特性的链上服务。",
    "en" : ""
  },
  "网站费率" : {
    "cn" : "网站费率",
    "en" : "Fees"
  },
  "币种" : {
    "cn" : "币种",
    "en" : "Currency"
  },
  "人民币" : {
    "cn" : "人民币",
    "en" : "CNY"
  },
  "比特币" : {
    "cn" : "比特币",
    "en" : "BTC"
  },
  "莱特币" : {
    "cn" : "莱特币",
    "en" : "LTC"
  },
  "暂停" : {
    "cn" : "暂停",
    "en" : "Stop"
  },
  "无上限" : {
    "cn" : "无上限",
    "en" : "No limit"
  },
  "单笔提现最低额度（不含手续费）" : {
    "cn" : "单笔提现最低额度（不含手续费）",
    "en" : "Single Withdraw Minimum Amount (excluding miner fees)"
  },
  "￥5元" : {
    "cn" : "￥5元",
    "en" : "￥5"
  },
  "单笔/单日提现最高额度" : {
    "cn" : "单笔/单日提现最高额度",
    "en" : "Single/Daily Withdraw Maximum Amount"
  },
  "20万/200万" : {
    "cn" : "20万/200万",
    "en" : "￥200,000/￥2,000,000"
  },
  "处理速度" : {
    "cn" : "处理速度",
    "en" : "Processing Speed"
  },
  "充值：已暂停" : {
    "cn" : "充值：已暂停",
    "en" : "Deposit: Paused"
  },
  "提现：1个工作日" : {
    "cn" : "提现：1个工作日",
    "en" : "Withdrawal: 1 business day"
  },
  "站内账户：极速" : {
    "cn" : "站内账户：极速",
    "en" : "Inner Account: topspeed"
  },
  "站外充值及提现" : {
    "cn" : "站外充值及提现：根据账户风险进行人工审核，审核后到帐速度取决于所付矿工费及比特币网络等",
    "en" : " Offsite Deposit and Wihdrawal: manual process, it depend on the miner fee you paid and the blockchain network "
  },
  "财务处理时间" : {
    "cn" : "财务处理时间",
    "en" : "Processing Time"
  },
  "每天8:00-24:00" : {
    "cn" : "每天8:00-24:00",
    "en" : "Every day 8:00 to 24:00"
  },
  "注明：节假日财务处理时间等会有所调整" : {
    "cn" : "注明：节假日财务处理时间等会有所调整，以上信息如有变动，请以最新的变更公告为准。",
    "en" : "Note: The holiday's processing time may have a change, which is subjected to the latest notice."
  },
  "您所关注的安全 可靠而且有保障" : {
    "cn" : "您所关注的安全 可靠而且有保障",
    "en" : "Safe, reliable and guarantee"
  },
  "高安全钱包技术的应用" : {
    "cn" : "高安全钱包技术的应用",
    "en" : "Application with high-class security wallet technology"
  },
  "在资金离线存储的基础上" : {
    "cn" : "在资金离线存储的基础上，通过与存储技术一流的比太钱包公司合作，为平台创建更高安全的资金保障。 所有冷存储钱包最大存储量2000比特币，10000莱特币，分两个城市、保险柜存储；半热钱包最多存储3000个比特币，用于日常维护，线上自动打币钱包最多保留1000比特币，大于该数量的比特币转由半热钱包处理；接收比特币钱包最多存储500比特币，每多出一部分由工作人员做一次转存。钱包本身均采用16位复杂密码，管理员分两组，每组拥有所有钱包的一半密码，密码分两半纸质打印保存在不同的两个地方，防止遗忘或者意外。",
    "en" : "With offline storage of funds, EXX cooperates with well-known wallet provider Bitpie to create a higher security funds safeguard."
  },
  "顶级安全团队" : {
    "cn" : "顶级安全团队",
    "en" : "Top Security Teams"
  },
  "斥巨资招募及聘请顶级安全团队为平台量身定做安全方案" : {
    "cn" : "斥巨资招募及聘请顶级安全团队为平台量身定做安全方案",
    "en" : "Heavily invest in recruiting and hiring top security teams to tailor safety programs for the platform"
  },
  "熟知数字货币的各种潜在威胁" : {
    "cn" : "熟知数字货币的各种潜在威胁,如:双花攻击、一聪攻击、交易延展性攻击等,善于据此进行分析和模拟处理各种潜在威胁",
    "en" : "Acquaint with variety of potential threats of cryptocurrency, such as double-flower attacks and trading malleable attacks, good at analyzing and simulating the potential threats"
  },
  "负责对网络上公布出的漏洞进行检测和修复" : {
    "cn" : "负责对网络上公布出的漏洞进行检测和修复",
    "en" : "Responsible for the detection and fixing the bugs"
  },
  "重点场所设有专人进行24小时值守" : {
    "cn" : "重点场所设有专人进行24小时值守",
    "en" : "Key places are 24 hours guarded  "
  },
  "恭喜你，成为EXX大家庭的一员" : {
    "cn" : "恭喜你，成为EXX大家庭的一员",
    "en" : "Congratulations, become a member of the EXX family"
  },
  "第一步" : {
  "cn" : "第一步",
  "en" : "Step 1"
},
  "第二步" : {
    "cn" : "第二步",
    "en" : "Step2"
  },
  "第三步" : {
    "cn" : "第三步",
    "en" : "Step 3"
  },
  "第四步" : {
    "cn" : "第四步",
    "en" : "Step 4"
  },
  "第五步" : {
    "cn" : "第五步",
    "en" : "Step 5"
  },
  "第六步" : {
    "cn" : "第六步",
    "en" : "Step 6"
  },
  "为了您的资金更加安全，我们建议您设置手机/邮箱验证码、Google验证码、二级密码" : {
    "cn" : "为了您的资金更加安全，我们建议您设置手机/邮箱验证码、Google验证码、二级密码",
    "en" : "For your funds more secure, we recommend setting up your phone / email verification code, Google verification code, Ⅱ Password"
  },
  "它们将会在您提取资金、修改设置和进行一些重要操作时要求提供，当然，您也可以不进行设置，它并不会影响您的正常使用" : {
    "cn" : "它们将会在您提取资金、修改设置和进行一些重要操作时要求提供，当然，您也可以不进行设置，它并不会影响您的正常使用",
    "en" : "They will be in your extraction of funds, modify the settings and carry out some important operations required to provide, of course, you can not set, it does not affect your normal use"
  },
  "我们为您提供了个非常有特色的功能--创建子账号" : {
    "cn" : "我们为您提供了个非常有特色的功能--创建子账号",
    "en" : "We have provided you with a very unique feature - create a sub-account"
  },
  "您可以创建多个子账号而不用另外注册，子账号可以独立登录和交易" : {
    "cn" : "您可以创建多个子账号而不用另外注册，子账号可以独立登录和交易，并且允许开启杠杆，但不能进行充值和提币，只能在内部进行划转，需要说明的是，子账号分为真实子账号和模拟子账号，模拟子账号只能添加模拟币种和模拟市场，并且模拟账号和真实账号间不能进行划转",
    "en" : "You can create multiple sub-accounts without the need for additional registration, sub-account can be independent login and transaction, and allows the opening of the lever, but can not recharge and currency, only in the internal transfer, it should be noted that the sub-account is divided into real Sub-account and analog sub-account, analog sub-account can only add analog currencies and analog market, and the analog account and the real account can not be transferred between"
  },
  "最后，子账号最多只能添加10个，包括真实和模拟的" : {
    "cn" : "最后，子账号最多只能添加10个，包括真实和模拟的，系统不支持删除子账号功能，因此，创建的时候选择真实子账号还是模拟子账号请仔细考虑清楚哦。",
    "en" : "Finally, the sub-account can only add up to 10, including real and analog, the system does not support the deletion of sub-account function, therefore, when you create a real sub-account or simulated sub-account, please carefully consider the clear Oh."
  },
  "注册完成后我们为您准备了10万美金的模拟资金，您可以领取使用，充分体验我们的平台而不用担心资金的损失。" : {
    "cn" : "注册完成后我们为您准备了10万美金的模拟资金，您可以领取使用，充分体验我们的平台而不用担心资金的损失。",
    "en" : "After the registration is completed, we have prepared a simulation fee of $ 100,000 for you, you can receive the use, fully experience our platform without worrying about the loss of funds."
  },
  "如果您希望充值数字货币到我们平台，您可以在账户页面，点击主账号对应的币种上的充值按钮，按提示进行充值。" : {
    "cn" : "如果您希望充值数字货币到我们平台，您可以在账户页面，点击主账号对应的币种上的充值按钮，按提示进行充值。",
    "en" : "If you want to recharge your digital currency to our platform, you can recharge it by clicking on the recharge button on the account page and click on the currency corresponding to the main account."
  },
  "您可以在交易页面，为每一个账号分配交易市场，并且可以随时切换不同的子账号进行操作。" : {
    "cn" : "您可以在交易页面，为每一个账号分配交易市场，并且可以随时切换不同的子账号进行操作。",
    "en" : "You can assign transactions to each account on the trading page, and you can switch between different sub-accounts at any time to operate."
  },
  "交易的过程中，我们为您提供了杠杆服务，让您可以撬动更大的奶酪，当前，开启杠杆前也请您充分了解杠杆操作的风险，根据自身情况选择合理的交易。" : {
    "cn" : "交易的过程中，我们为您提供了杠杆服务，让您可以撬动更大的奶酪，当前，开启杠杆前也请您充分了解杠杆操作的风险，根据自身情况选择合理的交易。",
    "en" : "During the course of the transaction, we provide you with a leveraged service that allows you to leverage the larger cheese. Now, before opening the lever, please also fully understand the risk of leveraging and choose a reasonable transaction according to your situation."
  },
  "如果您在我们平台赚钱了想提币出去，也是可以的，您可以通过点击主账号对应的币种上的提币按钮" : {
    "cn" : "如果您在我们平台赚钱了想提币出去，也是可以的，您可以通过点击主账号对应的币种上的提币按钮，发起提币申请，审核通过后我们将在第一时间为您打币。行情较大时，比较繁忙也请您耐心等待。",
    "en" : "If you make money in our platform to get money out of the currency, it is possible, you can click on the main account corresponding to the currency of the currency button, initiate the application, after the audit will be the first time for you to coin The Quotes are too busy, you are also busy waiting for your patience."
  },
  "最后，如果使用过程中有任何疑问，您也可以点击界面右上角的消息按钮，直接与我们的客服进行联系。" : {
    "cn" : "最后，如果使用过程中有任何疑问，您也可以点击界面右上角的消息按钮，直接与我们的客服进行联系。",
    "en" : "Finally, if you have any questions in the process, you can also click on the message button in the upper right corner of the interface to contact our customer service directly."
  },
  "模拟金" : {
    "cn" : "模拟金",
    "en" : "Simulated assets"
  },
  "立即领取礼包" : {
    "cn" : "立即领取礼包",
    "en" : "Receive"
  },
  "该礼包需要拥有至少1个模拟帐户" : {
    "cn" : "该礼包需要拥有至少1个模拟帐户",
    "en" : "The package needs to have at least one demo account"
  },
  "创建模拟帐号" : {
    "cn" : "创建模拟帐号",
    "en" : "Create a demo account"
  },
  "下一步" : {
    "cn" : "下一步",
    "en" : "Next"
  },
  "模拟" : {
    "cn" : "模拟",
    "en" : "Demo"
  },
  "选择需要分配该笔奖励的币种" : {
    "cn" : "选择需要分配该笔奖励的币种",
    "en" : "Add a trading market for this account"
  },
  "添加市场" : {
    "cn" : "添加市场",
    "en" : "Add Market"
  },
  "配置资金" : {
    "cn" : "配置资金",
    "en" : "Configure Funds"
  },
  "新手帮助" : {
    "cn" : "新手帮助",
    "en" : "Novice help"
  },
  "立即领取" : {
    "cn" : "立即领取",
    "en" : "Receive"
  },
  "请选择一个账号" : {
    "cn" : "请选择一个账号",
    "en" : "Please select an account"
  },
  "您好，请问您有什么需要帮助的吗？" : {
    "cn" : "您好，请问您有什么需要帮助的吗？",
    "en" : "Hello!What can I do for you?"
  },
  "在这里输入消息..." : {
    "cn" : "在这里输入消息...",
    "en" : "Enter the message here..."
  },
  "正在连接客服，请稍候..." : {
    "cn" : "正在连接客服，请稍候...",
    "en" : "The customer service is being connected. Please wait..."
  },
  "客服系统繁忙，正在重连，请稍候..." : {
    "cn" : "客服系统繁忙，正在重连，请稍候...",
    "en" : "Sorry,service busy,please wait a moment..."
  },
  "当前客服人员繁忙，请稍候..." : {
    "cn" : "当前客服人员繁忙，请稍候...",
    "en" : "Sorry,service busy,please wait a moment..."
  },
  "" : {
    "cn" : "",
    "en" : ""
  },
  "" : {
    "cn" : "",
    "en" : ""
  }
}